﻿word,answer,MarkNumber,color,trials_2.thisRepN,trials_2.thisTrialN,trials_2.thisN,trials_2.thisIndex,trials_4.thisRepN,trials_4.thisTrialN,trials_4.thisN,trials_4.thisIndex,trials_5.thisRepN,trials_5.thisTrialN,trials_5.thisN,trials_5.thisIndex,trials_6.thisRepN,trials_6.thisTrialN,trials_6.thisN,trials_6.thisIndex,thisRow.t,notes,TextDisplay1.started,text_1.started,key1.started,TextDisplay1.stopped,key1.keys,key1.rt,key1.duration,StartResting.started,text_2.started,key2.started,StartResting.stopped,key2.keys,key2.rt,key2.duration,Eyes.started,text_3.started,text_3.stopped,Eyes.stopped,closingEyes1.started,text_146.started,text_146.stopped,closingEyes1.stopped,Eyes1.started,text_4.started,Eyes1.stopped,Transition1.started,image_1.started,text_5.started,text_9.started,key_resp_2.started,image_1.stopped,text_5.stopped,Transition1.stopped,key_resp_2.keys,key_resp_2.rt,key_resp_2.duration,Instructions11.started,text_19.started,text_20.started,text_21.started,key_resp_7.started,Instructions11.stopped,key_resp_7.keys,key_resp_7.rt,key_resp_7.duration,Task11.started,text_22.started,text_23.started,text_24.started,key_resp_8.started,Task11.stopped,key_resp_8.keys,key_resp_8.corr,key_resp_8.rt,key_resp_8.duration,Judge11.started,text_97.started,text_60.started,text_95.started,text_100.started,text_97.stopped,text_60.stopped,text_95.stopped,text_100.stopped,Judge11.stopped,Instruction12.started,text_25.started,text_26.started,text_27.started,key_resp_9.started,Instruction12.stopped,key_resp_9.keys,key_resp_9.rt,key_resp_9.duration,Task12.started,text_61.started,text_62.started,text_63.started,key_resp_16.started,Task12.stopped,key_resp_16.keys,key_resp_16.corr,key_resp_16.rt,key_resp_16.duration,Judge12.started,text_101.started,text_102.started,text_103.started,text_104.started,Judge12.stopped,text_101.stopped,text_102.stopped,text_103.stopped,text_104.stopped,Instruction13.started,text_29.started,text_30.started,text_31.started,text_32.started,text_33.started,text_34.started,text_35.started,key_resp_10.started,Instruction13.stopped,key_resp_10.keys,key_resp_10.rt,key_resp_10.duration,Task13.started,text_64.started,text_65.started,text_66.started,text_67.started,text_68.started,text_69.started,text_70.started,key_resp_17.started,Task13.stopped,key_resp_17.keys,key_resp_17.corr,key_resp_17.rt,key_resp_17.duration,Judge13.started,text_105.started,text_106.started,text_107.started,text_108.started,text_109.started,text_110.started,text_111.started,text_112.started,Judge13.stopped,text_105.stopped,text_106.stopped,text_107.stopped,text_108.stopped,text_109.stopped,text_110.stopped,text_111.stopped,text_112.stopped,Instruction14.started,text_36.started,text_37.started,text_38.started,text_39.started,text_40.started,text_41.started,text_42.started,key_resp_11.started,Instruction14.stopped,key_resp_11.keys,key_resp_11.rt,key_resp_11.duration,Task14.started,text_71.started,text_72.started,text_73.started,text_74.started,text_75.started,text_76.started,text_77.started,key_resp_21.started,Task14.stopped,key_resp_21.keys,key_resp_21.corr,key_resp_21.rt,key_resp_21.duration,Judge14.started,text_113.started,text_114.started,text_115.started,text_116.started,text_117.started,text_118.started,text_119.started,text_120.started,text_113.stopped,text_114.stopped,text_115.stopped,text_116.stopped,text_117.stopped,text_118.stopped,text_119.stopped,text_120.stopped,Judge14.stopped,name,gender,age,participant,date,expName,psychopyVersion,frameRate,expStart,
,,,,,,,,,,,,,,,,,,,,,,0.03273490001447499,0.044695999938994646,0.044695999938994646,1.813654899946414,space,1.764912600046955,None,,,,,,,,,,,,,,,,,,,,,,,,,,,,,,,,,,,,,,,,,,,,,,,,,,,,,,,,,,,,,,,,,,,,,,,,,,,,,,,,,,,,,,,,,,,,,,,,,,,,,,,,,,,,,,,,,,,,,,,,,,,,,,,,,,,,,,,,,,,,,,,,,,,,,,,,,,,,,,,,,,,,,,,,,,,,,,,,,,朱陈琪,1,12,096300,2024-04-24_11h56.57.111,IAT,2023.2.3,59.756289955671,2024-04-24 11h57.10.384264 +0800,
,,,,,,,,,,,,,,,,,,,,,,,,,,,,,1.8136741999769583,1.8315712999319658,1.8315712999319658,3.183529199915938,space,1.345404600026086,None,,,,,,,,,,,,,,,,,,,,,,,,,,,,,,,,,,,,,,,,,,,,,,,,,,,,,,,,,,,,,,,,,,,,,,,,,,,,,,,,,,,,,,,,,,,,,,,,,,,,,,,,,,,,,,,,,,,,,,,,,,,,,,,,,,,,,,,,,,,,,,,,,,,,,,,,,,,,,,,,,,,,,,,,,,,朱陈琪,1,12,096300,2024-04-24_11h56.57.111,IAT,2023.2.3,59.756289955671,2024-04-24 11h57.10.384264 +0800,
,,,,,,,,,,,,,,,,,,,,,,,,,,,,,,,,,,,,3.183547299937345,3.196067399927415,5.197169299935922,5.18318829999771,5.183197599952109,5.197169299935922,65.19835719990078,65.18179790000431,65.18184979993384,65.19835719990078,67.4967764999019,67.49678759998642,67.5175833000103,67.5175833000103,69.19879579998087,69.19879579998087,69.5295172999613,69.5295172999613,76.64703529991675,space,7.434982599923387,None,,,,,,,,,,,,,,,,,,,,,,,,,,,,,,,,,,,,,,,,,,,,,,,,,,,,,,,,,,,,,,,,,,,,,,,,,,,,,,,,,,,,,,,,,,,,,,,,,,,,,,,,,,,,,,,,,,,,,,,,,,,,,,,,,,,,,,,,,,,,,,,,,,,,,朱陈琪,1,12,096300,2024-04-24_11h56.57.111,IAT,2023.2.3,59.756289955671,2024-04-24 11h57.10.384264 +0800,
,,,,,,,,,,,,,,,,,,,,,,,,,,,,,,,,,,,,,,,,,,,,,,,,,,,,,,,,,,76.64705599995796,76.66513689991552,76.66513689991552,76.66513689991552,76.66513689991552,83.08207189990208,space,6.399666000041179,None,,,,,,,,,,,,,,,,,,,,,,,,,,,,,,,,,,,,,,,,,,,,,,,,,,,,,,,,,,,,,,,,,,,,,,,,,,,,,,,,,,,,,,,,,,,,,,,,,,,,,,,,,,,,,,,,,,,,,,,,,,,,,,,,,,,,,,,,,,,,朱陈琪,1,12,096300,2024-04-24_11h56.57.111,IAT,2023.2.3,59.756289955671,2024-04-24 11h57.10.384264 +0800,
自我,i,11,,0,0,0,3,,,,,,,,,,,,,83.11279469996225,,,,,,,,,,,,,,,,,,,,,,,,,,,,,,,,,,,,,,,,,,,,,,,83.09462639992125,83.11279469996225,83.11279469996225,83.11279469996225,83.11279469996225,99.91564969997853,e,0,16.792162799974903,None,99.91604209993966,99.93162359995767,99.93162359995767,99.93162359995767,99.93162359995767,100.4303210999351,100.4303210999351,100.4303210999351,100.4303210999351,100.41441560001113,,,,,,,,,,,,,,,,,,,,,,,,,,,,,,,,,,,,,,,,,,,,,,,,,,,,,,,,,,,,,,,,,,,,,,,,,,,,,,,,,,,,,,,,,,,,,,,,,,,,,,,,,,,,,,,,,,,,,,,,朱陈琪,1,12,096300,2024-04-24_11h56.57.111,IAT,2023.2.3,59.756289955671,2024-04-24 11h57.10.384264 +0800,
你的,e,12,,0,1,1,7,,,,,,,,,,,,,100.4303210999351,,,,,,,,,,,,,,,,,,,,,,,,,,,,,,,,,,,,,,,,,,,,,,,100.41460539994296,100.4303210999351,100.4303210999351,100.4303210999351,100.4303210999351,101.61455810000189,e,1,1.1794490999309346,None,101.61478810000699,101.63044909993187,101.63044909993187,101.63044909993187,101.63044909993187,102.13333699991927,102.13333699991927,102.13333699991927,102.13333699991927,102.11430939997081,,,,,,,,,,,,,,,,,,,,,,,,,,,,,,,,,,,,,,,,,,,,,,,,,,,,,,,,,,,,,,,,,,,,,,,,,,,,,,,,,,,,,,,,,,,,,,,,,,,,,,,,,,,,,,,,,,,,,,,,朱陈琪,1,12,096300,2024-04-24_11h56.57.111,IAT,2023.2.3,59.756289955671,2024-04-24 11h57.10.384264 +0800,
其他人,e,12,,0,2,2,8,,,,,,,,,,,,,102.13333699991927,,,,,,,,,,,,,,,,,,,,,,,,,,,,,,,,,,,,,,,,,,,,,,,102.1145507999463,102.13333699991927,102.13333699991927,102.13333699991927,102.13333699991927,102.3644793999847,i,0,0.22813160007353872,None,102.36472479999065,102.38017479993869,102.38017479993869,102.38017479993869,102.38017479993869,,,,,102.8656327999197,,,,,,,,,,,,,,,,,,,,,,,,,,,,,,,,,,,,,,,,,,,,,,,,,,,,,,,,,,,,,,,,,,,,,,,,,,,,,,,,,,,,,,,,,,,,,,,,,,,,,,,,,,,,,,,,,,,,,,,,朱陈琪,1,12,096300,2024-04-24_11h56.57.111,IAT,2023.2.3,59.756289955671,2024-04-24 11h57.10.384264 +0800,
他们的,e,12,,0,3,3,6,,,,,,,,,,,,,102.8809529999271,,,,,,,,,,,,,,,,,,,,,,,,,,,,,,,,,,,,,,,,,,,,,,,102.8658402999863,102.8809529999271,102.8809529999271,102.8809529999271,102.8809529999271,103.08311020000838,i,0,0.1918167999247089,None,103.0834787999047,103.09826050000265,103.09826050000265,103.09826050000265,103.09826050000265,103.59879680001177,103.59879680001177,103.59879680001177,103.59879680001177,103.58378370001446,,,,,,,,,,,,,,,,,,,,,,,,,,,,,,,,,,,,,,,,,,,,,,,,,,,,,,,,,,,,,,,,,,,,,,,,,,,,,,,,,,,,,,,,,,,,,,,,,,,,,,,,,,,,,,,,,,,,,,,,朱陈琪,1,12,096300,2024-04-24_11h56.57.111,IAT,2023.2.3,59.756289955671,2024-04-24 11h57.10.384264 +0800,
我的,i,11,,0,4,4,2,,,,,,,,,,,,,103.59879680001177,,,,,,,,,,,,,,,,,,,,,,,,,,,,,,,,,,,,,,,,,,,,,,,103.58410109998658,103.59879680001177,103.59879680001177,103.59879680001177,103.59879680001177,103.69751179998275,i,1,0.09808090003207326,None,103.69771500001661,103.71344630001113,103.71344630001113,103.71344630001113,103.71344630001113,,,,,104.19906010001432,,,,,,,,,,,,,,,,,,,,,,,,,,,,,,,,,,,,,,,,,,,,,,,,,,,,,,,,,,,,,,,,,,,,,,,,,,,,,,,,,,,,,,,,,,,,,,,,,,,,,,,,,,,,,,,,,,,,,,,,朱陈琪,1,12,096300,2024-04-24_11h56.57.111,IAT,2023.2.3,59.756289955671,2024-04-24 11h57.10.384264 +0800,
本人,i,11,,0,5,5,4,,,,,,,,,,,,,104.21429199993145,,,,,,,,,,,,,,,,,,,,,,,,,,,,,,,,,,,,,,,,,,,,,,,104.19931489997543,104.21429199993145,104.21429199993145,104.21429199993145,104.21429199993145,104.28179259994067,i,1,0.05945099995005876,None,104.28202839998994,104.29693830001634,104.29693830001634,104.29693830001634,104.29693830001634,104.79900040000211,104.79900040000211,104.79900040000211,104.79900040000211,104.78105639992282,,,,,,,,,,,,,,,,,,,,,,,,,,,,,,,,,,,,,,,,,,,,,,,,,,,,,,,,,,,,,,,,,,,,,,,,,,,,,,,,,,,,,,,,,,,,,,,,,,,,,,,,,,,,,,,,,,,,,,,,朱陈琪,1,12,096300,2024-04-24_11h56.57.111,IAT,2023.2.3,59.756289955671,2024-04-24 11h57.10.384264 +0800,
我,i,11,,0,6,6,0,,,,,,,,,,,,,104.79900040000211,,,,,,,,,,,,,,,,,,,,,,,,,,,,,,,,,,,,,,,,,,,,,,,104.78126710001379,104.79900040000211,104.79900040000211,104.79900040000211,104.79900040000211,104.91455240000505,i,1,0.10674620000645518,None,104.91476199997123,104.9319000999676,104.9319000999676,104.9319000999676,104.9319000999676,,,,,105.43099879997317,,,,,,,,,,,,,,,,,,,,,,,,,,,,,,,,,,,,,,,,,,,,,,,,,,,,,,,,,,,,,,,,,,,,,,,,,,,,,,,,,,,,,,,,,,,,,,,,,,,,,,,,,,,,,,,,,,,,,,,,朱陈琪,1,12,096300,2024-04-24_11h56.57.111,IAT,2023.2.3,59.756289955671,2024-04-24 11h57.10.384264 +0800,
他们,e,12,,0,7,7,5,,,,,,,,,,,,,105.44850589998532,,,,,,,,,,,,,,,,,,,,,,,,,,,,,,,,,,,,,,,,,,,,,,,105.43126019998454,105.44850589998532,105.44850589998532,105.44850589998532,105.44850589998532,105.53327199991327,i,0,0.08025530003942549,None,105.53351629991084,105.54787739994936,105.54787739994936,105.54787739994936,105.54787739994936,106.04737609997392,106.04737609997392,106.04737609997392,106.04737609997392,106.03221119998489,,,,,,,,,,,,,,,,,,,,,,,,,,,,,,,,,,,,,,,,,,,,,,,,,,,,,,,,,,,,,,,,,,,,,,,,,,,,,,,,,,,,,,,,,,,,,,,,,,,,,,,,,,,,,,,,,,,,,,,,朱陈琪,1,12,096300,2024-04-24_11h56.57.111,IAT,2023.2.3,59.756289955671,2024-04-24 11h57.10.384264 +0800,
你,e,12,,0,8,8,9,,,,,,,,,,,,,106.04737609997392,,,,,,,,,,,,,,,,,,,,,,,,,,,,,,,,,,,,,,,,,,,,,,,106.03240479994565,106.04737609997392,106.04737609997392,106.04737609997392,106.04737609997392,106.13531629997306,i,0,0.07339750009123236,None,106.13559989992063,106.14825259998906,106.14825259998906,106.14825259998906,106.14825259998906,106.64691709994804,106.64691709994804,106.64691709994804,106.64691709994804,106.63107060000766,,,,,,,,,,,,,,,,,,,,,,,,,,,,,,,,,,,,,,,,,,,,,,,,,,,,,,,,,,,,,,,,,,,,,,,,,,,,,,,,,,,,,,,,,,,,,,,,,,,,,,,,,,,,,,,,,,,,,,,,朱陈琪,1,12,096300,2024-04-24_11h56.57.111,IAT,2023.2.3,59.756289955671,2024-04-24 11h57.10.384264 +0800,
自己,i,11,,0,9,9,1,,,,,,,,,,,,,106.64691709994804,,,,,,,,,,,,,,,,,,,,,,,,,,,,,,,,,,,,,,,,,,,,,,,106.63127859996166,106.64691709994804,106.64691709994804,106.64691709994804,106.64691709994804,106.799973999965,i,1,0.14685770007781684,None,106.80017669999506,106.81360649992712,106.81360649992712,106.81360649992712,106.81360649992712,107.31428739998955,107.31428739998955,107.31428739998955,107.31428739998955,107.29719680000562,,,,,,,,,,,,,,,,,,,,,,,,,,,,,,,,,,,,,,,,,,,,,,,,,,,,,,,,,,,,,,,,,,,,,,,,,,,,,,,,,,,,,,,,,,,,,,,,,,,,,,,,,,,,,,,,,,,,,,,,朱陈琪,1,12,096300,2024-04-24_11h56.57.111,IAT,2023.2.3,59.756289955671,2024-04-24 11h57.10.384264 +0800,
其他人,e,12,,1,0,10,8,,,,,,,,,,,,,107.31428739998955,,,,,,,,,,,,,,,,,,,,,,,,,,,,,,,,,,,,,,,,,,,,,,,107.29737819998991,107.31428739998955,107.31428739998955,107.31428739998955,107.31428739998955,108.64835109992418,i,0,1.3271089000627398,None,108.64866389997769,108.66586489998735,108.66586489998735,108.66586489998735,108.66586489998735,,,,,109.1638761999784,,,,,,,,,,,,,,,,,,,,,,,,,,,,,,,,,,,,,,,,,,,,,,,,,,,,,,,,,,,,,,,,,,,,,,,,,,,,,,,,,,,,,,,,,,,,,,,,,,,,,,,,,,,,,,,,,,,,,,,,朱陈琪,1,12,096300,2024-04-24_11h56.57.111,IAT,2023.2.3,59.756289955671,2024-04-24 11h57.10.384264 +0800,
自己,i,11,,1,1,11,1,,,,,,,,,,,,,109.18082469992805,,,,,,,,,,,,,,,,,,,,,,,,,,,,,,,,,,,,,,,,,,,,,,,109.16408029990271,109.18082469992805,109.18082469992805,109.18082469992805,109.18082469992805,110.08255039993674,i,1,0.9001499000005424,None,110.08275119995233,110.09772630000953,110.09772630000953,110.09772630000953,110.09772630000953,110.59867320000194,110.59867320000194,110.59867320000194,110.59867320000194,110.58334119990468,,,,,,,,,,,,,,,,,,,,,,,,,,,,,,,,,,,,,,,,,,,,,,,,,,,,,,,,,,,,,,,,,,,,,,,,,,,,,,,,,,,,,,,,,,,,,,,,,,,,,,,,,,,,,,,,,,,,,,,,朱陈琪,1,12,096300,2024-04-24_11h56.57.111,IAT,2023.2.3,59.756289955671,2024-04-24 11h57.10.384264 +0800,
自我,i,11,,1,2,12,3,,,,,,,,,,,,,110.59867320000194,,,,,,,,,,,,,,,,,,,,,,,,,,,,,,,,,,,,,,,,,,,,,,,110.58395040000323,110.59867320000194,110.59867320000194,110.59867320000194,110.59867320000194,111.69771390000824,i,1,1.0821461000014096,None,111.69793329993263,111.71548229991458,111.71548229991458,111.71548229991458,111.71548229991458,,,,,112.19870909990277,,,,,,,,,,,,,,,,,,,,,,,,,,,,,,,,,,,,,,,,,,,,,,,,,,,,,,,,,,,,,,,,,,,,,,,,,,,,,,,,,,,,,,,,,,,,,,,,,,,,,,,,,,,,,,,,,,,,,,,,朱陈琪,1,12,096300,2024-04-24_11h56.57.111,IAT,2023.2.3,59.756289955671,2024-04-24 11h57.10.384264 +0800,
我,i,11,,1,3,13,0,,,,,,,,,,,,,112.21361989993602,,,,,,,,,,,,,,,,,,,,,,,,,,,,,,,,,,,,,,,,,,,,,,,112.19892059999984,112.21361989993602,112.21361989993602,112.21361989993602,112.21361989993602,113.14876179990824,i,1,0.9311409998917952,None,113.14897629991174,113.16374180000275,113.16374180000275,113.16374180000275,113.16374180000275,113.66552459995728,113.66552459995728,113.66552459995728,113.66552459995728,113.64764669991564,,,,,,,,,,,,,,,,,,,,,,,,,,,,,,,,,,,,,,,,,,,,,,,,,,,,,,,,,,,,,,,,,,,,,,,,,,,,,,,,,,,,,,,,,,,,,,,,,,,,,,,,,,,,,,,,,,,,,,,,朱陈琪,1,12,096300,2024-04-24_11h56.57.111,IAT,2023.2.3,59.756289955671,2024-04-24 11h57.10.384264 +0800,
你,e,12,,1,4,14,9,,,,,,,,,,,,,113.66552459995728,,,,,,,,,,,,,,,,,,,,,,,,,,,,,,,,,,,,,,,,,,,,,,,113.6479656000156,113.66552459995728,113.66552459995728,113.66552459995728,113.66552459995728,114.58099759998731,i,0,0.903695399989374,None,114.5812402999727,114.5983040999854,114.5983040999854,114.5983040999854,114.5983040999854,,,,,115.09836559998803,,,,,,,,,,,,,,,,,,,,,,,,,,,,,,,,,,,,,,,,,,,,,,,,,,,,,,,,,,,,,,,,,,,,,,,,,,,,,,,,,,,,,,,,,,,,,,,,,,,,,,,,,,,,,,,,,,,,,,,,朱陈琪,1,12,096300,2024-04-24_11h56.57.111,IAT,2023.2.3,59.756289955671,2024-04-24 11h57.10.384264 +0800,
你的,e,12,,1,5,15,7,,,,,,,,,,,,,115.11564879992511,,,,,,,,,,,,,,,,,,,,,,,,,,,,,,,,,,,,,,,,,,,,,,,115.09859949990641,115.11564879992511,115.11564879992511,115.11564879992511,115.11564879992511,115.81469599995762,i,0,0.6940931000281125,None,115.81503479997627,115.83202099998016,115.83202099998016,115.83202099998016,115.83202099998016,,,,,116.3151728999801,,,,,,,,,,,,,,,,,,,,,,,,,,,,,,,,,,,,,,,,,,,,,,,,,,,,,,,,,,,,,,,,,,,,,,,,,,,,,,,,,,,,,,,,,,,,,,,,,,,,,,,,,,,,,,,,,,,,,,,,朱陈琪,1,12,096300,2024-04-24_11h56.57.111,IAT,2023.2.3,59.756289955671,2024-04-24 11h57.10.384264 +0800,
他们,e,12,,1,6,16,5,,,,,,,,,,,,,116.33147390000522,,,,,,,,,,,,,,,,,,,,,,,,,,,,,,,,,,,,,,,,,,,,,,,116.31540859991219,116.33147390000522,116.33147390000522,116.33147390000522,116.33147390000522,116.65026029990986,i,0,0.3032361000077799,None,116.65101579995826,116.66532759997062,116.66532759997062,116.66532759997062,116.66532759997062,117.1665234999964,117.1665234999964,117.1665234999964,117.1665234999964,117.14822390000336,,,,,,,,,,,,,,,,,,,,,,,,,,,,,,,,,,,,,,,,,,,,,,,,,,,,,,,,,,,,,,,,,,,,,,,,,,,,,,,,,,,,,,,,,,,,,,,,,,,,,,,,,,,,,,,,,,,,,,,,朱陈琪,1,12,096300,2024-04-24_11h56.57.111,IAT,2023.2.3,59.756289955671,2024-04-24 11h57.10.384264 +0800,
我的,i,11,,1,7,17,2,,,,,,,,,,,,,117.1665234999964,,,,,,,,,,,,,,,,,,,,,,,,,,,,,,,,,,,,,,,,,,,,,,,117.14844349992927,117.1665234999964,117.1665234999964,117.1665234999964,117.1665234999964,117.36561380000785,i,1,0.19431439996697009,None,117.36590069998056,117.38177929993253,117.38177929993253,117.38177929993253,117.38177929993253,117.8801449999446,117.8801449999446,117.8801449999446,117.8801449999446,117.86570899991784,,,,,,,,,,,,,,,,,,,,,,,,,,,,,,,,,,,,,,,,,,,,,,,,,,,,,,,,,,,,,,,,,,,,,,,,,,,,,,,,,,,,,,,,,,,,,,,,,,,,,,,,,,,,,,,,,,,,,,,,朱陈琪,1,12,096300,2024-04-24_11h56.57.111,IAT,2023.2.3,59.756289955671,2024-04-24 11h57.10.384264 +0800,
他们的,e,12,,1,8,18,6,,,,,,,,,,,,,117.8801449999446,,,,,,,,,,,,,,,,,,,,,,,,,,,,,,,,,,,,,,,,,,,,,,,117.86591059993953,117.8801449999446,117.8801449999446,117.8801449999446,117.8801449999446,118.26610969996545,i,0,0.37734489992726594,None,118.26631440001074,118.28201849991456,118.28201849991456,118.28201849991456,118.28201849991456,118.78179229993839,118.78179229993839,118.78179229993839,118.78179229993839,118.76595419994555,,,,,,,,,,,,,,,,,,,,,,,,,,,,,,,,,,,,,,,,,,,,,,,,,,,,,,,,,,,,,,,,,,,,,,,,,,,,,,,,,,,,,,,,,,,,,,,,,,,,,,,,,,,,,,,,,,,,,,,,朱陈琪,1,12,096300,2024-04-24_11h56.57.111,IAT,2023.2.3,59.756289955671,2024-04-24 11h57.10.384264 +0800,
本人,i,11,,1,9,19,4,,,,,,,,,,,,,118.78179229993839,,,,,,,,,,,,,,,,,,,,,,,,,,,,,,,,,,,,,,,,,,,,,,,118.76613489992451,118.78179229993839,118.78179229993839,118.78179229993839,118.78179229993839,119.08142279996537,i,1,0.29108560003805906,None,119.08167019998655,119.09854119992815,119.09854119992815,119.09854119992815,119.09854119992815,,,,,119.58259519992862,,,,,,,,,,,,,,,,,,,,,,,,,,,,,,,,,,,,,,,,,,,,,,,,,,,,,,,,,,,,,,,,,,,,,,,,,,,,,,,,,,,,,,,,,,,,,,,,,,,,,,,,,,,,,,,,,,,,,,,,朱陈琪,1,12,096300,2024-04-24_11h56.57.111,IAT,2023.2.3,59.756289955671,2024-04-24 11h57.10.384264 +0800,
,,,,,,,,,,,,,,,,,,,,,,,,,,,,,,,,,,,,,,,,,,,,,,,,,,,,,,,,,,,,,,,,,,,,,,,,,,,,,,,,,,,,,,,119.58263690001331,119.6011567999376,119.6011567999376,119.6011567999376,119.6011567999376,120.29911239992362,space,0.6960496000247076,None,,,,,,,,,,,,,,,,,,,,,,,,,,,,,,,,,,,,,,,,,,,,,,,,,,,,,,,,,,,,,,,,,,,,,,,,,,,,,,,,,,,,,,,,,,,,,,,,,,,,,,,,,,,,,,,朱陈琪,1,12,096300,2024-04-24_11h56.57.111,IAT,2023.2.3,59.756289955671,2024-04-24 11h57.10.384264 +0800,
焦急,e,13,,,,,,0,0,0,2,,,,,,,,,120.3328332999954,,,,,,,,,,,,,,,,,,,,,,,,,,,,,,,,,,,,,,,,,,,,,,,,,,,,,,,,,,,,,,,,,,,,,,,,,,,,120.30875199998263,120.3328332999954,120.3328332999954,120.3328332999954,120.3328332999954,121.01565690001007,i,0,0.6759164000395685,None,121.01602460001595,121.03285109996796,121.03285109996796,121.03285109996796,121.03285109996796,121.53307619993575,,,,,,,,,,,,,,,,,,,,,,,,,,,,,,,,,,,,,,,,,,,,,,,,,,,,,,,,,,,,,,,,,,,,,,,,,,,,,,,,,,,,,,,,,,,,,,,朱陈琪,1,12,096300,2024-04-24_11h56.57.111,IAT,2023.2.3,59.756289955671,2024-04-24 11h57.10.384264 +0800,
平衡,i,14,,,,,,0,1,1,6,,,,,,,,,121.54690299998038,,,,,,,,,,,,,,,,,,,,,,,,,,,,,,,,,,,,,,,,,,,,,,,,,,,,,,,,,,,,,,,,,,,,,,,,,,,,121.53329359996133,121.54690299998038,121.54690299998038,121.54690299998038,121.54690299998038,121.58239979995415,i,1,0.022331400075927377,None,121.58260809991043,121.59899879992008,121.59899879992008,121.59899879992008,121.59899879992008,122.09935019991826,,,,,,,,,,,,,,,,,,,,,,,,,,,,,,,,,,,,,,,,,,,,,,,,,,,,,,,,,,,,,,,,,,,,,,,,,,,,,,,,,,,,,,,,,,,,,,,朱陈琪,1,12,096300,2024-04-24_11h56.57.111,IAT,2023.2.3,59.756289955671,2024-04-24 11h57.10.384264 +0800,
舒畅,i,14,,,,,,0,2,2,7,,,,,,,,,122.11510199995246,,,,,,,,,,,,,,,,,,,,,,,,,,,,,,,,,,,,,,,,,,,,,,,,,,,,,,,,,,,,,,,,,,,,,,,,,,,,122.09956469992176,122.11510199995246,122.11510199995246,122.11510199995246,122.11510199995246,122.19942149997223,i,1,0.0787246999097988,None,122.19964989996515,122.21457329997793,122.21457329997793,122.21457329997793,122.21457329997793,122.69967679993715,122.71489449997898,122.71489449997898,122.71489449997898,122.71489449997898,,,,,,,,,,,,,,,,,,,,,,,,,,,,,,,,,,,,,,,,,,,,,,,,,,,,,,,,,,,,,,,,,,,,,,,,,,,,,,,,,,,,,,,,,,,朱陈琪,1,12,096300,2024-04-24_11h56.57.111,IAT,2023.2.3,59.756289955671,2024-04-24 11h57.10.384264 +0800,
安宁,i,14,,,,,,0,3,3,9,,,,,,,,,122.71489449997898,,,,,,,,,,,,,,,,,,,,,,,,,,,,,,,,,,,,,,,,,,,,,,,,,,,,,,,,,,,,,,,,,,,,,,,,,,,,122.69989179994445,122.71489449997898,122.71489449997898,122.71489449997898,122.71489449997898,122.84980679990258,i,1,0.11835830006748438,None,122.85001539997756,122.86620429996401,122.86620429996401,122.86620429996401,122.86620429996401,123.36582309997175,,,,,,,,,,,,,,,,,,,,,,,,,,,,,,,,,,,,,,,,,,,,,,,,,,,,,,,,,,,,,,,,,,,,,,,,,,,,,,,,,,,,,,,,,,,,,,,朱陈琪,1,12,096300,2024-04-24_11h56.57.111,IAT,2023.2.3,59.756289955671,2024-04-24 11h57.10.384264 +0800,
紧张,e,13,,,,,,0,4,4,0,,,,,,,,,123.38385949993972,,,,,,,,,,,,,,,,,,,,,,,,,,,,,,,,,,,,,,,,,,,,,,,,,,,,,,,,,,,,,,,,,,,,,,,,,,,,123.36605199996848,123.38385949993972,123.38385949993972,123.38385949993972,123.38385949993972,123.46635529992636,i,0,0.08125080005265772,None,123.4665956000099,123.48017709993292,123.48017709993292,123.48017709993292,123.48017709993292,123.96736000000965,,,,,,,,,,,,,,,,,,,,,,,,,,,,,,,,,,,,,,,,,,,,,,,,,,,,,,,,,,,,,,,,,,,,,,,,,,,,,,,,,,,,,,,,,,,,,,,朱陈琪,1,12,096300,2024-04-24_11h56.57.111,IAT,2023.2.3,59.756289955671,2024-04-24 11h57.10.384264 +0800,
安静,i,14,,,,,,0,5,5,8,,,,,,,,,123.98153839993756,,,,,,,,,,,,,,,,,,,,,,,,,,,,,,,,,,,,,,,,,,,,,,,,,,,,,,,,,,,,,,,,,,,,,,,,,,,,123.96757699991576,123.98153839993756,123.98153839993756,123.98153839993756,123.98153839993756,124.1329359000083,i,1,0.13923650002107024,None,124.13315060001332,124.14686009997968,124.14686009997968,124.14686009997968,124.14686009997968,124.6341707999818,,,,,,,,,,,,,,,,,,,,,,,,,,,,,,,,,,,,,,,,,,,,,,,,,,,,,,,,,,,,,,,,,,,,,,,,,,,,,,,,,,,,,,,,,,,,,,,朱陈琪,1,12,096300,2024-04-24_11h56.57.111,IAT,2023.2.3,59.756289955671,2024-04-24 11h57.10.384264 +0800,
恐惧,e,13,,,,,,0,6,6,1,,,,,,,,,124.64820349996444,,,,,,,,,,,,,,,,,,,,,,,,,,,,,,,,,,,,,,,,,,,,,,,,,,,,,,,,,,,,,,,,,,,,,,,,,,,,124.63439059990924,124.64820349996444,124.64820349996444,124.64820349996444,124.64820349996444,124.76678750000428,i,0,0.11321789992507547,None,124.76705429994036,124.78163330000825,124.78163330000825,124.78163330000825,124.78163330000825,125.26644709997345,125.28151070000604,125.28151070000604,125.28151070000604,125.28151070000604,,,,,,,,,,,,,,,,,,,,,,,,,,,,,,,,,,,,,,,,,,,,,,,,,,,,,,,,,,,,,,,,,,,,,,,,,,,,,,,,,,,,,,,,,,,朱陈琪,1,12,096300,2024-04-24_11h56.57.111,IAT,2023.2.3,59.756289955671,2024-04-24 11h57.10.384264 +0800,
迷茫,e,13,,,,,,0,7,7,4,,,,,,,,,125.28151070000604,,,,,,,,,,,,,,,,,,,,,,,,,,,,,,,,,,,,,,,,,,,,,,,,,,,,,,,,,,,,,,,,,,,,,,,,,,,,125.26663510000799,125.28151070000604,125.28151070000604,125.28151070000604,125.28151070000604,125.4144449000014,i,0,0.12721099995542318,None,125.4146789999213,125.43247829994652,125.43247829994652,125.43247829994652,125.43247829994652,125.91539400001056,,,,,,,,,,,,,,,,,,,,,,,,,,,,,,,,,,,,,,,,,,,,,,,,,,,,,,,,,,,,,,,,,,,,,,,,,,,,,,,,,,,,,,,,,,,,,,,朱陈琪,1,12,096300,2024-04-24_11h56.57.111,IAT,2023.2.3,59.756289955671,2024-04-24 11h57.10.384264 +0800,
害怕,e,13,,,,,,0,8,8,3,,,,,,,,,125.93448559998069,,,,,,,,,,,,,,,,,,,,,,,,,,,,,,,,,,,,,,,,,,,,,,,,,,,,,,,,,,,,,,,,,,,,,,,,,,,,125.91558729996905,125.93448559998069,125.93448559998069,125.93448559998069,125.93448559998069,126.06672759994399,i,0,0.13078970008064061,None,126.06696580001153,126.08031079999637,126.08031079999637,126.08031079999637,126.08031079999637,126.5670051999623,126.58179109997582,126.58179109997582,126.58179109997582,126.58179109997582,,,,,,,,,,,,,,,,,,,,,,,,,,,,,,,,,,,,,,,,,,,,,,,,,,,,,,,,,,,,,,,,,,,,,,,,,,,,,,,,,,,,,,,,,,,朱陈琪,1,12,096300,2024-04-24_11h56.57.111,IAT,2023.2.3,59.756289955671,2024-04-24 11h57.10.384264 +0800,
放松,i,14,,,,,,0,9,9,5,,,,,,,,,126.58179109997582,,,,,,,,,,,,,,,,,,,,,,,,,,,,,,,,,,,,,,,,,,,,,,,,,,,,,,,,,,,,,,,,,,,,,,,,,,,,126.56736619991716,126.58179109997582,126.58179109997582,126.58179109997582,126.58179109997582,126.71612419991288,i,1,0.12303619994781911,None,126.71636189997662,126.73289159999695,126.73289159999695,126.73289159999695,126.73289159999695,127.23320359992795,,,,,,,,,,,,,,,,,,,,,,,,,,,,,,,,,,,,,,,,,,,,,,,,,,,,,,,,,,,,,,,,,,,,,,,,,,,,,,,,,,,,,,,,,,,,,,,朱陈琪,1,12,096300,2024-04-24_11h56.57.111,IAT,2023.2.3,59.756289955671,2024-04-24 11h57.10.384264 +0800,
焦急,e,13,,,,,,1,0,10,2,,,,,,,,,127.2487914999947,,,,,,,,,,,,,,,,,,,,,,,,,,,,,,,,,,,,,,,,,,,,,,,,,,,,,,,,,,,,,,,,,,,,,,,,,,,,127.23340749996714,127.2487914999947,127.2487914999947,127.2487914999947,127.2487914999947,127.36858829995617,i,0,0.10398650006391108,None,127.36884699994698,127.38174869993236,127.38174869993236,127.38174869993236,127.38174869993236,127.86649579997174,127.88045579998288,127.88045579998288,127.88045579998288,127.88045579998288,,,,,,,,,,,,,,,,,,,,,,,,,,,,,,,,,,,,,,,,,,,,,,,,,,,,,,,,,,,,,,,,,,,,,,,,,,,,,,,,,,,,,,,,,,,朱陈琪,1,12,096300,2024-04-24_11h56.57.111,IAT,2023.2.3,59.756289955671,2024-04-24 11h57.10.384264 +0800,
恐惧,e,13,,,,,,1,1,11,1,,,,,,,,,127.88045579998288,,,,,,,,,,,,,,,,,,,,,,,,,,,,,,,,,,,,,,,,,,,,,,,,,,,,,,,,,,,,,,,,,,,,,,,,,,,,127.86668609990738,127.88045579998288,127.88045579998288,127.88045579998288,127.88045579998288,128.00074779998977,i,0,0.1130573000991717,None,128.00101869995706,128.01499639998656,128.01499639998656,128.01499639998656,128.01499639998656,128.49983009998687,128.5152466999134,128.5152466999134,128.5152466999134,128.5152466999134,,,,,,,,,,,,,,,,,,,,,,,,,,,,,,,,,,,,,,,,,,,,,,,,,,,,,,,,,,,,,,,,,,,,,,,,,,,,,,,,,,,,,,,,,,,朱陈琪,1,12,096300,2024-04-24_11h56.57.111,IAT,2023.2.3,59.756289955671,2024-04-24 11h57.10.384264 +0800,
平衡,i,14,,,,,,1,2,12,6,,,,,,,,,128.5152466999134,,,,,,,,,,,,,,,,,,,,,,,,,,,,,,,,,,,,,,,,,,,,,,,,,,,,,,,,,,,,,,,,,,,,,,,,,,,,128.5000229999423,128.5152466999134,128.5152466999134,128.5152466999134,128.5152466999134,128.61448389990255,i,1,0.09411949990317225,None,128.61472199996933,128.63311890000477,128.63311890000477,128.63311890000477,128.63311890000477,129.1153610999463,,,,,,,,,,,,,,,,,,,,,,,,,,,,,,,,,,,,,,,,,,,,,,,,,,,,,,,,,,,,,,,,,,,,,,,,,,,,,,,,,,,,,,,,,,,,,,,朱陈琪,1,12,096300,2024-04-24_11h56.57.111,IAT,2023.2.3,59.756289955671,2024-04-24 11h57.10.384264 +0800,
害怕,e,13,,,,,,1,3,13,3,,,,,,,,,129.13277169992216,,,,,,,,,,,,,,,,,,,,,,,,,,,,,,,,,,,,,,,,,,,,,,,,,,,,,,,,,,,,,,,,,,,,,,,,,,,,129.1155727999285,129.13277169992216,129.13277169992216,129.13277169992216,129.13277169992216,129.26654380001128,i,0,0.11614519997965544,None,129.2667635999387,129.28057169995736,129.28057169995736,129.28057169995736,129.28057169995736,129.76755469990894,,,,,,,,,,,,,,,,,,,,,,,,,,,,,,,,,,,,,,,,,,,,,,,,,,,,,,,,,,,,,,,,,,,,,,,,,,,,,,,,,,,,,,,,,,,,,,,朱陈琪,1,12,096300,2024-04-24_11h56.57.111,IAT,2023.2.3,59.756289955671,2024-04-24 11h57.10.384264 +0800,
紧张,e,13,,,,,,1,4,14,0,,,,,,,,,129.78175670001656,,,,,,,,,,,,,,,,,,,,,,,,,,,,,,,,,,,,,,,,,,,,,,,,,,,,,,,,,,,,,,,,,,,,,,,,,,,,129.76778190000914,129.78175670001656,129.78175670001656,129.78175670001656,129.78175670001656,129.86764839990065,i,0,0.08301190007477999,None,129.86787229997572,129.88237609993666,129.88237609993666,129.88237609993666,129.88237609993666,130.36789679992944,130.38450559997,130.38450559997,130.38450559997,130.38450559997,,,,,,,,,,,,,,,,,,,,,,,,,,,,,,,,,,,,,,,,,,,,,,,,,,,,,,,,,,,,,,,,,,,,,,,,,,,,,,,,,,,,,,,,,,,朱陈琪,1,12,096300,2024-04-24_11h56.57.111,IAT,2023.2.3,59.756289955671,2024-04-24 11h57.10.384264 +0800,
安宁,i,14,,,,,,1,5,15,9,,,,,,,,,130.38450559997,,,,,,,,,,,,,,,,,,,,,,,,,,,,,,,,,,,,,,,,,,,,,,,,,,,,,,,,,,,,,,,,,,,,,,,,,,,,130.3681681000162,130.38450559997,130.38450559997,130.38450559997,130.38450559997,130.50129399995785,i,1,0.09694910002872348,None,130.5015049999347,130.5153876999393,130.5153876999393,130.5153876999393,130.5153876999393,130.99986019998323,131.01425729994662,131.01425729994662,131.01425729994662,131.01425729994662,,,,,,,,,,,,,,,,,,,,,,,,,,,,,,,,,,,,,,,,,,,,,,,,,,,,,,,,,,,,,,,,,,,,,,,,,,,,,,,,,,,,,,,,,,,朱陈琪,1,12,096300,2024-04-24_11h56.57.111,IAT,2023.2.3,59.756289955671,2024-04-24 11h57.10.384264 +0800,
舒畅,i,14,,,,,,1,6,16,7,,,,,,,,,131.01425729994662,,,,,,,,,,,,,,,,,,,,,,,,,,,,,,,,,,,,,,,,,,,,,,,,,,,,,,,,,,,,,,,,,,,,,,,,,,,,131.0000524999341,131.01425729994662,131.01425729994662,131.01425729994662,131.01425729994662,131.50022519996855,i,1,0.48298019997309893,None,131.50045219995081,131.51518739992753,131.51518739992753,131.51518739992753,131.51518739992753,132.0004045999376,132.01371029997244,132.01371029997244,132.01371029997244,132.01371029997244,,,,,,,,,,,,,,,,,,,,,,,,,,,,,,,,,,,,,,,,,,,,,,,,,,,,,,,,,,,,,,,,,,,,,,,,,,,,,,,,,,,,,,,,,,,朱陈琪,1,12,096300,2024-04-24_11h56.57.111,IAT,2023.2.3,59.756289955671,2024-04-24 11h57.10.384264 +0800,
安静,i,14,,,,,,1,7,17,8,,,,,,,,,132.01371029997244,,,,,,,,,,,,,,,,,,,,,,,,,,,,,,,,,,,,,,,,,,,,,,,,,,,,,,,,,,,,,,,,,,,,,,,,,,,,132.00060869997833,132.01371029997244,132.01371029997244,132.01371029997244,132.01371029997244,132.2826183999423,i,1,0.25998319999780506,None,132.28287270001601,132.29965880000964,132.29965880000964,132.29965880000964,132.29965880000964,132.7827161999885,132.80040259996895,132.80040259996895,132.80040259996895,132.80040259996895,,,,,,,,,,,,,,,,,,,,,,,,,,,,,,,,,,,,,,,,,,,,,,,,,,,,,,,,,,,,,,,,,,,,,,,,,,,,,,,,,,,,,,,,,,,朱陈琪,1,12,096300,2024-04-24_11h56.57.111,IAT,2023.2.3,59.756289955671,2024-04-24 11h57.10.384264 +0800,
迷茫,e,13,,,,,,1,8,18,4,,,,,,,,,132.80040259996895,,,,,,,,,,,,,,,,,,,,,,,,,,,,,,,,,,,,,,,,,,,,,,,,,,,,,,,,,,,,,,,,,,,,,,,,,,,,132.78293029998895,132.80040259996895,132.80040259996895,132.80040259996895,132.80040259996895,132.94738339993637,i,0,0.13727820001076907,None,132.947577899904,132.96686009992845,132.96686009992845,132.96686009992845,132.96686009992845,133.45027779997326,,,,,,,,,,,,,,,,,,,,,,,,,,,,,,,,,,,,,,,,,,,,,,,,,,,,,,,,,,,,,,,,,,,,,,,,,,,,,,,,,,,,,,,,,,,,,,,朱陈琪,1,12,096300,2024-04-24_11h56.57.111,IAT,2023.2.3,59.756289955671,2024-04-24 11h57.10.384264 +0800,
放松,i,14,,,,,,1,9,19,5,,,,,,,,,133.46591309993528,,,,,,,,,,,,,,,,,,,,,,,,,,,,,,,,,,,,,,,,,,,,,,,,,,,,,,,,,,,,,,,,,,,,,,,,,,,,133.45048249990214,133.46591309993528,133.46591309993528,133.46591309993528,133.46591309993528,133.58282619994134,i,1,0.1115035000257194,None,133.58304539998062,133.60241379996296,133.60241379996296,133.60241379996296,133.60241379996296,134.1000747999642,,,,,,,,,,,,,,,,,,,,,,,,,,,,,,,,,,,,,,,,,,,,,,,,,,,,,,,,,,,,,,,,,,,,,,,,,,,,,,,,,,,,,,,,,,,,,,,朱陈琪,1,12,096300,2024-04-24_11h56.57.111,IAT,2023.2.3,59.756289955671,2024-04-24 11h57.10.384264 +0800,
,,,,,,,,,,,,,,,,,,,,,,,,,,,,,,,,,,,,,,,,,,,,,,,,,,,,,,,,,,,,,,,,,,,,,,,,,,,,,,,,,,,,,,,,,,,,,,,,,,,,,,,,,,,,,,,,,,,,134.10012359998655,134.11510439997073,134.11510439997073,134.11510439997073,134.11510439997073,134.11510439997073,134.11510439997073,134.11510439997073,134.11510439997073,135.1002193999011,space,0.9741751999827102,None,,,,,,,,,,,,,,,,,,,,,,,,,,,,,,,,,,,,,,,,,,,,,,,,,,,,,,,,,,,,,,,,,,,,,,,,,,,,,,朱陈琪,1,12,096300,2024-04-24_11h56.57.111,IAT,2023.2.3,59.756289955671,2024-04-24 11h57.10.384264 +0800,
紧张,e,13,green,,,,,,,,,0,0,0,10,,,,,135.1333922999911,,,,,,,,,,,,,,,,,,,,,,,,,,,,,,,,,,,,,,,,,,,,,,,,,,,,,,,,,,,,,,,,,,,,,,,,,,,,,,,,,,,,,,,,,,,,,,,,,,,,,,,,,,,,,135.11020689993165,135.1333922999911,135.1333922999911,135.1333922999911,135.1333922999911,135.1333922999911,135.1333922999911,135.1333922999911,135.1333922999911,135.81394539994653,e,1,0.6682998000178486,None,135.81426309992094,135.83345129992813,135.83345129992813,135.83345129992813,135.83345129992813,135.83345129992813,135.83345129992813,135.83345129992813,135.83345129992813,136.31514500000048,,,,,,,,,,,,,,,,,,,,,,,,,,,,,,,,,,,,,,,,,,,,,,,,,,,,,,朱陈琪,1,12,096300,2024-04-24_11h56.57.111,IAT,2023.2.3,59.756289955671,2024-04-24 11h57.10.384264 +0800,
放松,i,14,green,,,,,,,,,0,1,1,15,,,,,136.3338937999215,,,,,,,,,,,,,,,,,,,,,,,,,,,,,,,,,,,,,,,,,,,,,,,,,,,,,,,,,,,,,,,,,,,,,,,,,,,,,,,,,,,,,,,,,,,,,,,,,,,,,,,,,,,,,136.31537949992344,136.3338937999215,136.3338937999215,136.3338937999215,136.3338937999215,136.3338937999215,136.3338937999215,136.3338937999215,136.3338937999215,136.36623359995428,i,1,0.018833499983884394,None,136.36646429996472,136.3821472999407,136.3821472999407,136.3821472999407,136.3821472999407,136.3821472999407,136.3821472999407,136.3821472999407,136.3821472999407,136.86672529997304,136.88230299996212,136.88230299996212,136.88230299996212,136.88230299996212,136.88230299996212,136.88230299996212,136.88230299996212,136.88230299996212,,,,,,,,,,,,,,,,,,,,,,,,,,,,,,,,,,,,,,,,,,,,,,朱陈琪,1,12,096300,2024-04-24_11h56.57.111,IAT,2023.2.3,59.756289955671,2024-04-24 11h57.10.384264 +0800,
你,e,12,blue,,,,,,,,,0,2,2,9,,,,,136.88230299996212,,,,,,,,,,,,,,,,,,,,,,,,,,,,,,,,,,,,,,,,,,,,,,,,,,,,,,,,,,,,,,,,,,,,,,,,,,,,,,,,,,,,,,,,,,,,,,,,,,,,,,,,,,,,,136.86691989994142,136.88230299996212,136.88230299996212,136.88230299996212,136.88230299996212,136.88230299996212,136.88230299996212,136.88230299996212,136.88230299996212,137.01414320000913,i,0,0.12657610001042485,None,137.01437859993894,137.0326144999126,137.0326144999126,137.0326144999126,137.0326144999126,137.0326144999126,137.0326144999126,137.0326144999126,137.0326144999126,137.51508159993682,,,,,,,,,,,,,,,,,,,,,,,,,,,,,,,,,,,,,,,,,,,,,,,,,,,,,,朱陈琪,1,12,096300,2024-04-24_11h56.57.111,IAT,2023.2.3,59.756289955671,2024-04-24 11h57.10.384264 +0800,
我,i,11,blue,,,,,,,,,0,3,3,0,,,,,137.53394519991707,,,,,,,,,,,,,,,,,,,,,,,,,,,,,,,,,,,,,,,,,,,,,,,,,,,,,,,,,,,,,,,,,,,,,,,,,,,,,,,,,,,,,,,,,,,,,,,,,,,,,,,,,,,,,137.51529709994793,137.53394519991707,137.53394519991707,137.53394519991707,137.53394519991707,137.53394519991707,137.53394519991707,137.53394519991707,137.53394519991707,137.68176179996226,i,1,0.13973409996833652,None,137.6820017999271,137.6992313999217,137.6992313999217,137.6992313999217,137.6992313999217,137.6992313999217,137.6992313999217,137.6992313999217,137.6992313999217,138.183165299939,,,,,,,,,,,,,,,,,,,,,,,,,,,,,,,,,,,,,,,,,,,,,,,,,,,,,,朱陈琪,1,12,096300,2024-04-24_11h56.57.111,IAT,2023.2.3,59.756289955671,2024-04-24 11h57.10.384264 +0800,
自我,i,11,blue,,,,,,,,,0,4,4,3,,,,,138.20080029999372,,,,,,,,,,,,,,,,,,,,,,,,,,,,,,,,,,,,,,,,,,,,,,,,,,,,,,,,,,,,,,,,,,,,,,,,,,,,,,,,,,,,,,,,,,,,,,,,,,,,,,,,,,,,,138.18339559994638,138.20080029999372,138.20080029999372,138.20080029999372,138.20080029999372,138.20080029999372,138.20080029999372,138.20080029999372,138.20080029999372,138.21415309992153,i,1,0.000672499998472631,None,138.21437229996081,138.23314329993445,138.23314329993445,138.23314329993445,138.23314329993445,138.23314329993445,138.23314329993445,138.23314329993445,138.23314329993445,138.7156937000109,,,,,,,,,,,,,,,,,,,,,,,,,,,,,,,,,,,,,,,,,,,,,,,,,,,,,,朱陈琪,1,12,096300,2024-04-24_11h56.57.111,IAT,2023.2.3,59.756289955671,2024-04-24 11h57.10.384264 +0800,
焦急,e,13,green,,,,,,,,,0,5,5,12,,,,,138.7340807999717,,,,,,,,,,,,,,,,,,,,,,,,,,,,,,,,,,,,,,,,,,,,,,,,,,,,,,,,,,,,,,,,,,,,,,,,,,,,,,,,,,,,,,,,,,,,,,,,,,,,,,,,,,,,,138.7159052999923,138.7340807999717,138.7340807999717,138.7340807999717,138.7340807999717,138.7340807999717,138.7340807999717,138.7340807999717,138.7340807999717,138.83412000001408,i,0,0.09161929995752871,None,138.8343656999059,138.8485169999767,138.8485169999767,138.8485169999767,138.8485169999767,138.8485169999767,138.8485169999767,138.8485169999767,138.8485169999767,139.33295209996868,139.34710559993982,139.34710559993982,139.34710559993982,139.34710559993982,139.34710559993982,139.34710559993982,139.34710559993982,139.34710559993982,,,,,,,,,,,,,,,,,,,,,,,,,,,,,,,,,,,,,,,,,,,,,,朱陈琪,1,12,096300,2024-04-24_11h56.57.111,IAT,2023.2.3,59.756289955671,2024-04-24 11h57.10.384264 +0800,
安宁,i,14,green,,,,,,,,,0,6,6,19,,,,,139.34710559993982,,,,,,,,,,,,,,,,,,,,,,,,,,,,,,,,,,,,,,,,,,,,,,,,,,,,,,,,,,,,,,,,,,,,,,,,,,,,,,,,,,,,,,,,,,,,,,,,,,,,,,,,,,,,,139.33313970000017,139.34710559993982,139.34710559993982,139.34710559993982,139.34710559993982,139.34710559993982,139.34710559993982,139.34710559993982,139.34710559993982,139.50162769993767,i,1,0.13372000004164875,None,139.5018402999267,139.51503719994798,139.51503719994798,139.51503719994798,139.51503719994798,139.51503719994798,139.51503719994798,139.51503719994798,139.51503719994798,140.00007650000043,140.01391669991426,140.01391669991426,140.01391669991426,140.01391669991426,140.01391669991426,140.01391669991426,140.01391669991426,140.01391669991426,,,,,,,,,,,,,,,,,,,,,,,,,,,,,,,,,,,,,,,,,,,,,,朱陈琪,1,12,096300,2024-04-24_11h56.57.111,IAT,2023.2.3,59.756289955671,2024-04-24 11h57.10.384264 +0800,
安静,i,14,green,,,,,,,,,0,7,7,18,,,,,140.01391669991426,,,,,,,,,,,,,,,,,,,,,,,,,,,,,,,,,,,,,,,,,,,,,,,,,,,,,,,,,,,,,,,,,,,,,,,,,,,,,,,,,,,,,,,,,,,,,,,,,,,,,,,,,,,,,140.00026609993074,140.01391669991426,140.01391669991426,140.01391669991426,140.01391669991426,140.01391669991426,140.01391669991426,140.01391669991426,140.01391669991426,140.1822133999085,i,1,0.154883399954997,None,140.18244819995016,140.1995671999175,140.1995671999175,140.1995671999175,140.1995671999175,140.1995671999175,140.1995671999175,140.1995671999175,140.1995671999175,140.7007138999179,,,,,,,,,,,,,,,,,,,,,,,,,,,,,,,,,,,,,,,,,,,,,,,,,,,,,,朱陈琪,1,12,096300,2024-04-24_11h56.57.111,IAT,2023.2.3,59.756289955671,2024-04-24 11h57.10.384264 +0800,
他们的,e,12,blue,,,,,,,,,0,8,8,6,,,,,140.71509839990176,,,,,,,,,,,,,,,,,,,,,,,,,,,,,,,,,,,,,,,,,,,,,,,,,,,,,,,,,,,,,,,,,,,,,,,,,,,,,,,,,,,,,,,,,,,,,,,,,,,,,,,,,,,,,140.70094349991996,140.71509839990176,140.71509839990176,140.71509839990176,140.71509839990176,140.71509839990176,140.71509839990176,140.71509839990176,140.71509839990176,141.28071500000078,i,0,0.5582217000192031,None,141.28094939992297,141.29963279992808,141.29963279992808,141.29963279992808,141.29963279992808,141.29963279992808,141.29963279992808,141.29963279992808,141.29963279992808,141.78170990000945,,,,,,,,,,,,,,,,,,,,,,,,,,,,,,,,,,,,,,,,,,,,,,,,,,,,,,朱陈琪,1,12,096300,2024-04-24_11h56.57.111,IAT,2023.2.3,59.756289955671,2024-04-24 11h57.10.384264 +0800,
迷茫,e,13,green,,,,,,,,,0,9,9,14,,,,,141.800875899964,,,,,,,,,,,,,,,,,,,,,,,,,,,,,,,,,,,,,,,,,,,,,,,,,,,,,,,,,,,,,,,,,,,,,,,,,,,,,,,,,,,,,,,,,,,,,,,,,,,,,,,,,,,,,141.78189410001505,141.800875899964,141.800875899964,141.800875899964,141.800875899964,141.800875899964,141.800875899964,141.800875899964,141.800875899964,142.24889409996103,i,0,0.4322837999789044,None,142.24913329991978,142.26586269994732,142.26586269994732,142.26586269994732,142.26586269994732,142.26586269994732,142.26586269994732,142.26586269994732,142.26586269994732,142.7665566999931,,,,,,,,,,,,,,,,,,,,,,,,,,,,,,,,,,,,,,,,,,,,,,,,,,,,,,朱陈琪,1,12,096300,2024-04-24_11h56.57.111,IAT,2023.2.3,59.756289955671,2024-04-24 11h57.10.384264 +0800,
恐惧,e,13,green,,,,,,,,,0,10,10,11,,,,,142.78188519994728,,,,,,,,,,,,,,,,,,,,,,,,,,,,,,,,,,,,,,,,,,,,,,,,,,,,,,,,,,,,,,,,,,,,,,,,,,,,,,,,,,,,,,,,,,,,,,,,,,,,,,,,,,,,,142.76676069991663,142.78188519994728,142.78188519994728,142.78188519994728,142.78188519994728,142.78188519994728,142.78188519994728,142.78188519994728,142.78188519994728,142.9156062999973,i,0,0.13085040007717907,None,142.91582639992703,142.93305240001064,142.93305240001064,142.93305240001064,142.93305240001064,142.93305240001064,142.93305240001064,142.93305240001064,142.93305240001064,143.43448669998907,,,,,,,,,,,,,,,,,,,,,,,,,,,,,,,,,,,,,,,,,,,,,,,,,,,,,,朱陈琪,1,12,096300,2024-04-24_11h56.57.111,IAT,2023.2.3,59.756289955671,2024-04-24 11h57.10.384264 +0800,
你的,e,12,blue,,,,,,,,,0,11,11,7,,,,,143.44836139993276,,,,,,,,,,,,,,,,,,,,,,,,,,,,,,,,,,,,,,,,,,,,,,,,,,,,,,,,,,,,,,,,,,,,,,,,,,,,,,,,,,,,,,,,,,,,,,,,,,,,,,,,,,,,,143.43468279996887,143.44836139993276,143.44836139993276,143.44836139993276,143.44836139993276,143.44836139993276,143.44836139993276,143.44836139993276,143.44836139993276,143.56649130000733,i,0,0.11261820001527667,None,143.56670149997808,143.58297139999922,143.58297139999922,143.58297139999922,143.58297139999922,143.58297139999922,143.58297139999922,143.58297139999922,143.58297139999922,144.06685790000483,144.08031619992107,144.08031619992107,144.08031619992107,144.08031619992107,144.08031619992107,144.08031619992107,144.08031619992107,144.08031619992107,,,,,,,,,,,,,,,,,,,,,,,,,,,,,,,,,,,,,,,,,,,,,,朱陈琪,1,12,096300,2024-04-24_11h56.57.111,IAT,2023.2.3,59.756289955671,2024-04-24 11h57.10.384264 +0800,
其他人,e,12,blue,,,,,,,,,0,12,12,8,,,,,144.08031619992107,,,,,,,,,,,,,,,,,,,,,,,,,,,,,,,,,,,,,,,,,,,,,,,,,,,,,,,,,,,,,,,,,,,,,,,,,,,,,,,,,,,,,,,,,,,,,,,,,,,,,,,,,,,,,144.0670369999716,144.08031619992107,144.08031619992107,144.08031619992107,144.08031619992107,144.08031619992107,144.08031619992107,144.08031619992107,144.08031619992107,144.23361679993104,i,0,0.14451230003032833,None,144.23385839990806,144.2485215999186,144.2485215999186,144.2485215999186,144.2485215999186,144.2485215999186,144.2485215999186,144.2485215999186,144.2485215999186,144.73322659998666,144.74842339998577,144.74842339998577,144.74842339998577,144.74842339998577,144.74842339998577,144.74842339998577,144.74842339998577,144.74842339998577,,,,,,,,,,,,,,,,,,,,,,,,,,,,,,,,,,,,,,,,,,,,,,朱陈琪,1,12,096300,2024-04-24_11h56.57.111,IAT,2023.2.3,59.756289955671,2024-04-24 11h57.10.384264 +0800,
平衡,i,14,green,,,,,,,,,0,13,13,16,,,,,144.74842339998577,,,,,,,,,,,,,,,,,,,,,,,,,,,,,,,,,,,,,,,,,,,,,,,,,,,,,,,,,,,,,,,,,,,,,,,,,,,,,,,,,,,,,,,,,,,,,,,,,,,,,,,,,,,,,144.73345800000243,144.74842339998577,144.74842339998577,144.74842339998577,144.74842339998577,144.74842339998577,144.74842339998577,144.74842339998577,144.74842339998577,144.833264799905,i,1,0.07634719996713102,None,144.8336094999686,144.84842950000893,144.84842950000893,144.84842950000893,144.84842950000893,144.84842950000893,144.84842950000893,144.84842950000893,144.84842950000893,145.33347660000436,145.3473255999852,145.3473255999852,145.3473255999852,145.3473255999852,145.3473255999852,145.3473255999852,145.3473255999852,145.3473255999852,,,,,,,,,,,,,,,,,,,,,,,,,,,,,,,,,,,,,,,,,,,,,,朱陈琪,1,12,096300,2024-04-24_11h56.57.111,IAT,2023.2.3,59.756289955671,2024-04-24 11h57.10.384264 +0800,
自己,i,11,blue,,,,,,,,,0,14,14,1,,,,,145.3473255999852,,,,,,,,,,,,,,,,,,,,,,,,,,,,,,,,,,,,,,,,,,,,,,,,,,,,,,,,,,,,,,,,,,,,,,,,,,,,,,,,,,,,,,,,,,,,,,,,,,,,,,,,,,,,,145.33368649997283,145.3473255999852,145.3473255999852,145.3473255999852,145.3473255999852,145.3473255999852,145.3473255999852,145.3473255999852,145.3473255999852,145.36707089992706,i,1,0.01342179998755455,None,145.3672870999435,145.3819695999846,145.3819695999846,145.3819695999846,145.3819695999846,145.3819695999846,145.3819695999846,145.3819695999846,145.3819695999846,145.8664148999378,145.880539799924,145.880539799924,145.880539799924,145.880539799924,145.880539799924,145.880539799924,145.880539799924,145.880539799924,,,,,,,,,,,,,,,,,,,,,,,,,,,,,,,,,,,,,,,,,,,,,,朱陈琪,1,12,096300,2024-04-24_11h56.57.111,IAT,2023.2.3,59.756289955671,2024-04-24 11h57.10.384264 +0800,
舒畅,i,14,green,,,,,,,,,0,15,15,17,,,,,145.880539799924,,,,,,,,,,,,,,,,,,,,,,,,,,,,,,,,,,,,,,,,,,,,,,,,,,,,,,,,,,,,,,,,,,,,,,,,,,,,,,,,,,,,,,,,,,,,,,,,,,,,,,,,,,,,,145.86661809997167,145.880539799924,145.880539799924,145.880539799924,145.880539799924,145.880539799924,145.880539799924,145.880539799924,145.880539799924,145.94909799995366,i,1,0.06466470006853342,None,145.9493633999955,145.96599860000424,145.96599860000424,145.96599860000424,145.96599860000424,145.96599860000424,145.96599860000424,145.96599860000424,145.96599860000424,146.44918809994124,146.46606689994223,146.46606689994223,146.46606689994223,146.46606689994223,146.46606689994223,146.46606689994223,146.46606689994223,146.46606689994223,,,,,,,,,,,,,,,,,,,,,,,,,,,,,,,,,,,,,,,,,,,,,,朱陈琪,1,12,096300,2024-04-24_11h56.57.111,IAT,2023.2.3,59.756289955671,2024-04-24 11h57.10.384264 +0800,
他们,e,12,blue,,,,,,,,,0,16,16,5,,,,,146.46606689994223,,,,,,,,,,,,,,,,,,,,,,,,,,,,,,,,,,,,,,,,,,,,,,,,,,,,,,,,,,,,,,,,,,,,,,,,,,,,,,,,,,,,,,,,,,,,,,,,,,,,,,,,,,,,,146.44937879999634,146.46606689994223,146.46606689994223,146.46606689994223,146.46606689994223,146.46606689994223,146.46606689994223,146.46606689994223,146.46606689994223,146.51553659990896,i,0,0.0466450999956578,None,146.51578139991034,146.53287279990036,146.53287279990036,146.53287279990036,146.53287279990036,146.53287279990036,146.53287279990036,146.53287279990036,146.53287279990036,147.03277479996905,,,,,,,,,,,,,,,,,,,,,,,,,,,,,,,,,,,,,,,,,,,,,,,,,,,,,,朱陈琪,1,12,096300,2024-04-24_11h56.57.111,IAT,2023.2.3,59.756289955671,2024-04-24 11h57.10.384264 +0800,
害怕,e,13,green,,,,,,,,,0,17,17,13,,,,,147.04938919993583,,,,,,,,,,,,,,,,,,,,,,,,,,,,,,,,,,,,,,,,,,,,,,,,,,,,,,,,,,,,,,,,,,,,,,,,,,,,,,,,,,,,,,,,,,,,,,,,,,,,,,,,,,,,,147.0329854999436,147.04938919993583,147.04938919993583,147.04938919993583,147.04938919993583,147.04938919993583,147.04938919993583,147.04938919993583,147.04938919993583,147.14743149990682,i,0,0.08806300000287592,None,147.14768699998967,147.1671822000062,147.1671822000062,147.1671822000062,147.1671822000062,147.1671822000062,147.1671822000062,147.1671822000062,147.1671822000062,147.64843840000685,,,,,,,,,,,,,,,,,,,,,,,,,,,,,,,,,,,,,,,,,,,,,,,,,,,,,,朱陈琪,1,12,096300,2024-04-24_11h56.57.111,IAT,2023.2.3,59.756289955671,2024-04-24 11h57.10.384264 +0800,
我的,i,11,blue,,,,,,,,,0,18,18,2,,,,,147.66637589992024,,,,,,,,,,,,,,,,,,,,,,,,,,,,,,,,,,,,,,,,,,,,,,,,,,,,,,,,,,,,,,,,,,,,,,,,,,,,,,,,,,,,,,,,,,,,,,,,,,,,,,,,,,,,,147.64862509991508,147.66637589992024,147.66637589992024,147.66637589992024,147.66637589992024,147.66637589992024,147.66637589992024,147.66637589992024,147.66637589992024,147.7996324999258,i,1,0.12730930000543594,None,147.7999214999145,147.8148204999743,147.8148204999743,147.8148204999743,147.8148204999743,147.8148204999743,147.8148204999743,147.8148204999743,147.8148204999743,148.29950369999278,148.31515819998458,148.31515819998458,148.31515819998458,148.31515819998458,148.31515819998458,148.31515819998458,148.31515819998458,148.31515819998458,,,,,,,,,,,,,,,,,,,,,,,,,,,,,,,,,,,,,,,,,,,,,,朱陈琪,1,12,096300,2024-04-24_11h56.57.111,IAT,2023.2.3,59.756289955671,2024-04-24 11h57.10.384264 +0800,
本人,i,11,blue,,,,,,,,,0,19,19,4,,,,,148.31515819998458,,,,,,,,,,,,,,,,,,,,,,,,,,,,,,,,,,,,,,,,,,,,,,,,,,,,,,,,,,,,,,,,,,,,,,,,,,,,,,,,,,,,,,,,,,,,,,,,,,,,,,,,,,,,,148.29969219991472,148.31515819998458,148.31515819998458,148.31515819998458,148.31515819998458,148.31515819998458,148.31515819998458,148.31515819998458,148.31515819998458,148.96690359991044,i,1,0.6376676999498159,None,148.96713589993306,148.98184269992635,148.98184269992635,148.98184269992635,148.98184269992635,148.98184269992635,148.98184269992635,148.98184269992635,148.98184269992635,149.46826619992498,,,,,,,,,,,,,,,,,,,,,,,,,,,,,,,,,,,,,,,,,,,,,,,,,,,,,,朱陈琪,1,12,096300,2024-04-24_11h56.57.111,IAT,2023.2.3,59.756289955671,2024-04-24 11h57.10.384264 +0800,
放松,i,14,green,,,,,,,,,1,0,20,15,,,,,149.48030579998158,,,,,,,,,,,,,,,,,,,,,,,,,,,,,,,,,,,,,,,,,,,,,,,,,,,,,,,,,,,,,,,,,,,,,,,,,,,,,,,,,,,,,,,,,,,,,,,,,,,,,,,,,,,,,149.46847889991477,149.48030579998158,149.48030579998158,149.48030579998158,149.48030579998158,149.48030579998158,149.48030579998158,149.48030579998158,149.48030579998158,149.66692639992107,i,1,0.17736980004701763,None,149.66715200000908,149.68178390001412,149.68178390001412,149.68178390001412,149.68178390001412,149.68178390001412,149.68178390001412,149.68178390001412,149.68178390001412,150.1669886999298,150.18249709997326,150.18249709997326,150.18249709997326,150.18249709997326,150.18249709997326,150.18249709997326,150.18249709997326,150.18249709997326,,,,,,,,,,,,,,,,,,,,,,,,,,,,,,,,,,,,,,,,,,,,,,朱陈琪,1,12,096300,2024-04-24_11h56.57.111,IAT,2023.2.3,59.756289955671,2024-04-24 11h57.10.384264 +0800,
恐惧,e,13,green,,,,,,,,,1,1,21,11,,,,,150.18249709997326,,,,,,,,,,,,,,,,,,,,,,,,,,,,,,,,,,,,,,,,,,,,,,,,,,,,,,,,,,,,,,,,,,,,,,,,,,,,,,,,,,,,,,,,,,,,,,,,,,,,,,,,,,,,,150.1671940999804,150.18249709997326,150.18249709997326,150.18249709997326,150.18249709997326,150.18249709997326,150.18249709997326,150.18249709997326,150.18249709997326,150.31605559994932,i,0,0.12286410003434867,None,150.31628939998336,150.33487939997576,150.33487939997576,150.33487939997576,150.33487939997576,150.33487939997576,150.33487939997576,150.33487939997576,150.33487939997576,150.83251859992743,,,,,,,,,,,,,,,,,,,,,,,,,,,,,,,,,,,,,,,,,,,,,,,,,,,,,,朱陈琪,1,12,096300,2024-04-24_11h56.57.111,IAT,2023.2.3,59.756289955671,2024-04-24 11h57.10.384264 +0800,
平衡,i,14,green,,,,,,,,,1,2,22,16,,,,,150.84835059999023,,,,,,,,,,,,,,,,,,,,,,,,,,,,,,,,,,,,,,,,,,,,,,,,,,,,,,,,,,,,,,,,,,,,,,,,,,,,,,,,,,,,,,,,,,,,,,,,,,,,,,,,,,,,,150.83272449998185,150.84835059999023,150.84835059999023,150.84835059999023,150.84835059999023,150.84835059999023,150.84835059999023,150.84835059999023,150.84835059999023,151.03353679995053,i,1,0.16942120005842298,None,151.03376989997923,151.0484741999535,151.0484741999535,151.0484741999535,151.0484741999535,151.0484741999535,151.0484741999535,151.0484741999535,151.0484741999535,151.53422459994908,,,,,,,,,,,,,,,,,,,,,,,,,,,,,,,,,,,,,,,,,,,,,,,,,,,,,,朱陈琪,1,12,096300,2024-04-24_11h56.57.111,IAT,2023.2.3,59.756289955671,2024-04-24 11h57.10.384264 +0800,
他们的,e,12,blue,,,,,,,,,1,3,23,6,,,,,151.54696780000813,,,,,,,,,,,,,,,,,,,,,,,,,,,,,,,,,,,,,,,,,,,,,,,,,,,,,,,,,,,,,,,,,,,,,,,,,,,,,,,,,,,,,,,,,,,,,,,,,,,,,,,,,,,,,151.53444789990317,151.54696780000813,151.54696780000813,151.54696780000813,151.54696780000813,151.54696780000813,151.54696780000813,151.54696780000813,151.54696780000813,152.06744409992825,i,0,0.501793000032194,None,152.06776130001526,152.08188959991094,152.08188959991094,152.08188959991094,152.08188959991094,152.08188959991094,152.08188959991094,152.08188959991094,152.08188959991094,152.56693649990484,152.58196179999504,152.58196179999504,152.58196179999504,152.58196179999504,152.58196179999504,152.58196179999504,152.58196179999504,152.58196179999504,,,,,,,,,,,,,,,,,,,,,,,,,,,,,,,,,,,,,,,,,,,,,,朱陈琪,1,12,096300,2024-04-24_11h56.57.111,IAT,2023.2.3,59.756289955671,2024-04-24 11h57.10.384264 +0800,
舒畅,i,14,green,,,,,,,,,1,4,24,17,,,,,152.58196179999504,,,,,,,,,,,,,,,,,,,,,,,,,,,,,,,,,,,,,,,,,,,,,,,,,,,,,,,,,,,,,,,,,,,,,,,,,,,,,,,,,,,,,,,,,,,,,,,,,,,,,,,,,,,,,152.56715639994945,152.58196179999504,152.58196179999504,152.58196179999504,152.58196179999504,152.58196179999504,152.58196179999504,152.58196179999504,152.58196179999504,153.0488478000043,i,1,0.45883529994171113,None,153.04908779996913,153.0671893999679,153.0671893999679,153.0671893999679,153.0671893999679,153.0671893999679,153.0671893999679,153.0671893999679,153.0671893999679,153.56638329999987,,,,,,,,,,,,,,,,,,,,,,,,,,,,,,,,,,,,,,,,,,,,,,,,,,,,,,朱陈琪,1,12,096300,2024-04-24_11h56.57.111,IAT,2023.2.3,59.756289955671,2024-04-24 11h57.10.384264 +0800,
安静,i,14,green,,,,,,,,,1,5,25,18,,,,,153.58198939997237,,,,,,,,,,,,,,,,,,,,,,,,,,,,,,,,,,,,,,,,,,,,,,,,,,,,,,,,,,,,,,,,,,,,,,,,,,,,,,,,,,,,,,,,,,,,,,,,,,,,,,,,,,,,,153.5670672999695,153.58198939997237,153.58198939997237,153.58198939997237,153.58198939997237,153.58198939997237,153.58198939997237,153.58198939997237,153.58198939997237,154.1823119999608,i,1,0.5957497999770567,None,154.1825422999682,154.19953639991581,154.19953639991581,154.19953639991581,154.19953639991581,154.19953639991581,154.19953639991581,154.19953639991581,154.19953639991581,154.70082899997942,,,,,,,,,,,,,,,,,,,,,,,,,,,,,,,,,,,,,,,,,,,,,,,,,,,,,,朱陈琪,1,12,096300,2024-04-24_11h56.57.111,IAT,2023.2.3,59.756289955671,2024-04-24 11h57.10.384264 +0800,
其他人,e,12,blue,,,,,,,,,1,6,26,8,,,,,154.71506610000506,,,,,,,,,,,,,,,,,,,,,,,,,,,,,,,,,,,,,,,,,,,,,,,,,,,,,,,,,,,,,,,,,,,,,,,,,,,,,,,,,,,,,,,,,,,,,,,,,,,,,,,,,,,,,154.7010416999692,154.71506610000506,154.71506610000506,154.71506610000506,154.71506610000506,154.71506610000506,154.71506610000506,154.71506610000506,154.71506610000506,155.1165338999126,i,0,0.3981633000075817,None,155.11685819993727,155.13295469991863,155.13295469991863,155.13295469991863,155.13295469991863,155.13295469991863,155.13295469991863,155.13295469991863,155.13295469991863,155.63342759991065,,,,,,,,,,,,,,,,,,,,,,,,,,,,,,,,,,,,,,,,,,,,,,,,,,,,,,朱陈琪,1,12,096300,2024-04-24_11h56.57.111,IAT,2023.2.3,59.756289955671,2024-04-24 11h57.10.384264 +0800,
我,i,11,blue,,,,,,,,,1,7,27,0,,,,,155.6484233000083,,,,,,,,,,,,,,,,,,,,,,,,,,,,,,,,,,,,,,,,,,,,,,,,,,,,,,,,,,,,,,,,,,,,,,,,,,,,,,,,,,,,,,,,,,,,,,,,,,,,,,,,,,,,,155.63364179991186,155.6484233000083,155.6484233000083,155.6484233000083,155.6484233000083,155.6484233000083,155.6484233000083,155.6484233000083,155.6484233000083,156.1011809000047,i,1,0.4491251000436023,None,156.10140219994355,156.11520259990357,156.11520259990357,156.11520259990357,156.11520259990357,156.11520259990357,156.11520259990357,156.11520259990357,156.11520259990357,156.60062239994295,156.61405939992983,156.61405939992983,156.61405939992983,156.61405939992983,156.61405939992983,156.61405939992983,156.61405939992983,156.61405939992983,,,,,,,,,,,,,,,,,,,,,,,,,,,,,,,,,,,,,,,,,,,,,,朱陈琪,1,12,096300,2024-04-24_11h56.57.111,IAT,2023.2.3,59.756289955671,2024-04-24 11h57.10.384264 +0800,
紧张,e,13,green,,,,,,,,,1,8,28,10,,,,,156.61405939992983,,,,,,,,,,,,,,,,,,,,,,,,,,,,,,,,,,,,,,,,,,,,,,,,,,,,,,,,,,,,,,,,,,,,,,,,,,,,,,,,,,,,,,,,,,,,,,,,,,,,,,,,,,,,,156.6008268999867,156.61405939992983,156.61405939992983,156.61405939992983,156.61405939992983,156.61405939992983,156.61405939992983,156.61405939992983,156.61405939992983,157.0143126999028,i,0,0.38673949998337775,None,157.01451419992372,157.0326033999445,157.0326033999445,157.0326033999445,157.0326033999445,157.0326033999445,157.0326033999445,157.0326033999445,157.0326033999445,157.5152008999139,,,,,,,,,,,,,,,,,,,,,,,,,,,,,,,,,,,,,,,,,,,,,,,,,,,,,,朱陈琪,1,12,096300,2024-04-24_11h56.57.111,IAT,2023.2.3,59.756289955671,2024-04-24 11h57.10.384264 +0800,
自己,i,11,blue,,,,,,,,,1,9,29,1,,,,,157.5331520999316,,,,,,,,,,,,,,,,,,,,,,,,,,,,,,,,,,,,,,,,,,,,,,,,,,,,,,,,,,,,,,,,,,,,,,,,,,,,,,,,,,,,,,,,,,,,,,,,,,,,,,,,,,,,,157.51538759993855,157.5331520999316,157.5331520999316,157.5331520999316,157.5331520999316,157.5331520999316,157.5331520999316,157.5331520999316,157.5331520999316,158.23306539992336,i,1,0.6836773999966681,None,158.23333560000174,158.24875069991685,158.24875069991685,158.24875069991685,158.24875069991685,158.24875069991685,158.24875069991685,158.24875069991685,158.24875069991685,158.7334626999218,158.7470636999933,158.7470636999933,158.7470636999933,158.7470636999933,158.7470636999933,158.7470636999933,158.7470636999933,158.7470636999933,,,,,,,,,,,,,,,,,,,,,,,,,,,,,,,,,,,,,,,,,,,,,,朱陈琪,1,12,096300,2024-04-24_11h56.57.111,IAT,2023.2.3,59.756289955671,2024-04-24 11h57.10.384264 +0800,
害怕,e,13,green,,,,,,,,,1,10,30,13,,,,,158.7470636999933,,,,,,,,,,,,,,,,,,,,,,,,,,,,,,,,,,,,,,,,,,,,,,,,,,,,,,,,,,,,,,,,,,,,,,,,,,,,,,,,,,,,,,,,,,,,,,,,,,,,,,,,,,,,,158.73365279997233,158.7470636999933,158.7470636999933,158.7470636999933,158.7470636999933,158.7470636999933,158.7470636999933,158.7470636999933,158.7470636999933,159.2490056999959,i,0,0.49376890005078167,None,159.24923640000634,159.26632289995905,159.26632289995905,159.26632289995905,159.26632289995905,159.26632289995905,159.26632289995905,159.26632289995905,159.26632289995905,159.76690689998213,,,,,,,,,,,,,,,,,,,,,,,,,,,,,,,,,,,,,,,,,,,,,,,,,,,,,,朱陈琪,1,12,096300,2024-04-24_11h56.57.111,IAT,2023.2.3,59.756289955671,2024-04-24 11h57.10.384264 +0800,
你,e,12,blue,,,,,,,,,1,11,31,9,,,,,159.78195390000474,,,,,,,,,,,,,,,,,,,,,,,,,,,,,,,,,,,,,,,,,,,,,,,,,,,,,,,,,,,,,,,,,,,,,,,,,,,,,,,,,,,,,,,,,,,,,,,,,,,,,,,,,,,,,159.7671048999764,159.78195390000474,159.78195390000474,159.78195390000474,159.78195390000474,159.78195390000474,159.78195390000474,159.78195390000474,159.78195390000474,160.03378699999303,i,0,0.25090710003860295,None,160.03419009991921,160.0487112000119,160.0487112000119,160.0487112000119,160.0487112000119,160.0487112000119,160.0487112000119,160.0487112000119,160.0487112000119,160.53399669995997,160.54750409990083,160.54750409990083,160.54750409990083,160.54750409990083,160.54750409990083,160.54750409990083,160.54750409990083,160.54750409990083,,,,,,,,,,,,,,,,,,,,,,,,,,,,,,,,,,,,,,,,,,,,,,朱陈琪,1,12,096300,2024-04-24_11h56.57.111,IAT,2023.2.3,59.756289955671,2024-04-24 11h57.10.384264 +0800,
我的,i,11,blue,,,,,,,,,1,12,32,2,,,,,160.54750409990083,,,,,,,,,,,,,,,,,,,,,,,,,,,,,,,,,,,,,,,,,,,,,,,,,,,,,,,,,,,,,,,,,,,,,,,,,,,,,,,,,,,,,,,,,,,,,,,,,,,,,,,,,,,,,160.53419029992074,160.54750409990083,160.54750409990083,160.54750409990083,160.54750409990083,160.54750409990083,160.54750409990083,160.54750409990083,160.54750409990083,160.58367229998112,i,1,0.021286299917846918,None,160.5839255999308,160.60050699999556,160.60050699999556,160.60050699999556,160.60050699999556,160.60050699999556,160.60050699999556,160.60050699999556,160.60050699999556,161.09968419990037,,,,,,,,,,,,,,,,,,,,,,,,,,,,,,,,,,,,,,,,,,,,,,,,,,,,,,朱陈琪,1,12,096300,2024-04-24_11h56.57.111,IAT,2023.2.3,59.756289955671,2024-04-24 11h57.10.384264 +0800,
迷茫,e,13,green,,,,,,,,,1,13,33,14,,,,,161.11503290000837,,,,,,,,,,,,,,,,,,,,,,,,,,,,,,,,,,,,,,,,,,,,,,,,,,,,,,,,,,,,,,,,,,,,,,,,,,,,,,,,,,,,,,,,,,,,,,,,,,,,,,,,,,,,,161.09987519995775,161.11503290000837,161.11503290000837,161.11503290000837,161.11503290000837,161.11503290000837,161.11503290000837,161.11503290000837,161.11503290000837,161.2666506000096,i,0,0.13456529995892197,None,161.26689099997748,161.28031059994828,161.28031059994828,161.28031059994828,161.28031059994828,161.28031059994828,161.28031059994828,161.28031059994828,161.28031059994828,161.76721660001203,,,,,,,,,,,,,,,,,,,,,,,,,,,,,,,,,,,,,,,,,,,,,,,,,,,,,,朱陈琪,1,12,096300,2024-04-24_11h56.57.111,IAT,2023.2.3,59.756289955671,2024-04-24 11h57.10.384264 +0800,
焦急,e,13,green,,,,,,,,,1,14,34,12,,,,,161.78197119990364,,,,,,,,,,,,,,,,,,,,,,,,,,,,,,,,,,,,,,,,,,,,,,,,,,,,,,,,,,,,,,,,,,,,,,,,,,,,,,,,,,,,,,,,,,,,,,,,,,,,,,,,,,,,,161.76748309994582,161.78197119990364,161.78197119990364,161.78197119990364,161.78197119990364,161.78197119990364,161.78197119990364,161.78197119990364,161.78197119990364,161.94767189992126,i,0,0.15488919999916106,None,161.9478955999948,161.96627410000656,161.96627410000656,161.96627410000656,161.96627410000656,161.96627410000656,161.96627410000656,161.96627410000656,161.96627410000656,162.4487982999999,,,,,,,,,,,,,,,,,,,,,,,,,,,,,,,,,,,,,,,,,,,,,,,,,,,,,,朱陈琪,1,12,096300,2024-04-24_11h56.57.111,IAT,2023.2.3,59.756289955671,2024-04-24 11h57.10.384264 +0800,
本人,i,11,blue,,,,,,,,,1,15,35,4,,,,,162.4666951999534,,,,,,,,,,,,,,,,,,,,,,,,,,,,,,,,,,,,,,,,,,,,,,,,,,,,,,,,,,,,,,,,,,,,,,,,,,,,,,,,,,,,,,,,,,,,,,,,,,,,,,,,,,,,,162.4490779999178,162.4666951999534,162.4666951999534,162.4666951999534,162.4666951999534,162.4666951999534,162.4666951999534,162.4666951999534,162.4666951999534,162.6144530000165,i,1,0.14267650002148002,None,162.61471499991603,162.63329249992967,162.63329249992967,162.63329249992967,162.63329249992967,162.63329249992967,162.63329249992967,162.63329249992967,162.63329249992967,163.11527129996102,,,,,,,,,,,,,,,,,,,,,,,,,,,,,,,,,,,,,,,,,,,,,,,,,,,,,,朱陈琪,1,12,096300,2024-04-24_11h56.57.111,IAT,2023.2.3,59.756289955671,2024-04-24 11h57.10.384264 +0800,
自我,i,11,blue,,,,,,,,,1,16,36,3,,,,,163.13288019993342,,,,,,,,,,,,,,,,,,,,,,,,,,,,,,,,,,,,,,,,,,,,,,,,,,,,,,,,,,,,,,,,,,,,,,,,,,,,,,,,,,,,,,,,,,,,,,,,,,,,,,,,,,,,,163.1154692999553,163.13288019993342,163.13288019993342,163.13288019993342,163.13288019993342,163.13288019993342,163.13288019993342,163.13288019993342,163.13288019993342,163.3003330999054,i,1,0.1639687999850139,None,163.30057799990755,163.3152450999478,163.3152450999478,163.3152450999478,163.3152450999478,163.3152450999478,163.3152450999478,163.3152450999478,163.3152450999478,163.80092479998711,163.81417529995088,163.81417529995088,163.81417529995088,163.81417529995088,163.81417529995088,163.81417529995088,163.81417529995088,163.81417529995088,,,,,,,,,,,,,,,,,,,,,,,,,,,,,,,,,,,,,,,,,,,,,,朱陈琪,1,12,096300,2024-04-24_11h56.57.111,IAT,2023.2.3,59.756289955671,2024-04-24 11h57.10.384264 +0800,
他们,e,12,blue,,,,,,,,,1,17,37,5,,,,,163.81417529995088,,,,,,,,,,,,,,,,,,,,,,,,,,,,,,,,,,,,,,,,,,,,,,,,,,,,,,,,,,,,,,,,,,,,,,,,,,,,,,,,,,,,,,,,,,,,,,,,,,,,,,,,,,,,,163.80114170000888,163.81417529995088,163.81417529995088,163.81417529995088,163.81417529995088,163.81417529995088,163.81417529995088,163.81417529995088,163.81417529995088,163.99988879996818,i,0,0.17063119995873421,None,164.0001155999489,164.01390999997966,164.01390999997966,164.01390999997966,164.01390999997966,164.01390999997966,164.01390999997966,164.01390999997966,164.01390999997966,164.50034419994336,,,,,,,,,,,,,,,,,,,,,,,,,,,,,,,,,,,,,,,,,,,,,,,,,,,,,,朱陈琪,1,12,096300,2024-04-24_11h56.57.111,IAT,2023.2.3,59.756289955671,2024-04-24 11h57.10.384264 +0800,
你的,e,12,blue,,,,,,,,,1,18,38,7,,,,,164.51520849997178,,,,,,,,,,,,,,,,,,,,,,,,,,,,,,,,,,,,,,,,,,,,,,,,,,,,,,,,,,,,,,,,,,,,,,,,,,,,,,,,,,,,,,,,,,,,,,,,,,,,,,,,,,,,,164.50055679993238,164.51520849997178,164.51520849997178,164.51520849997178,164.51520849997178,164.51520849997178,164.51520849997178,164.51520849997178,164.51520849997178,164.66752879996784,i,0,0.15048110007774085,None,164.66776089998893,164.6804418999236,164.6804418999236,164.6804418999236,164.6804418999236,164.6804418999236,164.6804418999236,164.6804418999236,164.6804418999236,165.16656649997458,165.18188249995,165.18188249995,165.18188249995,165.18188249995,165.18188249995,165.18188249995,165.18188249995,165.18188249995,,,,,,,,,,,,,,,,,,,,,,,,,,,,,,,,,,,,,,,,,,,,,,朱陈琪,1,12,096300,2024-04-24_11h56.57.111,IAT,2023.2.3,59.756289955671,2024-04-24 11h57.10.384264 +0800,
安宁,i,14,green,,,,,,,,,1,19,39,19,,,,,165.18188249995,,,,,,,,,,,,,,,,,,,,,,,,,,,,,,,,,,,,,,,,,,,,,,,,,,,,,,,,,,,,,,,,,,,,,,,,,,,,,,,,,,,,,,,,,,,,,,,,,,,,,,,,,,,,,165.16677429992706,165.18188249995,165.18188249995,165.18188249995,165.18188249995,165.18188249995,165.18188249995,165.18188249995,165.18188249995,165.20003169996198,i,1,0.0028324000304564834,None,165.2002688999055,165.21381879993714,165.21381879993714,165.21381879993714,165.21381879993714,165.21381879993714,165.21381879993714,165.21381879993714,165.21381879993714,165.7004098999314,165.7153844999848,165.7153844999848,165.7153844999848,165.7153844999848,165.7153844999848,165.7153844999848,165.7153844999848,165.7153844999848,,,,,,,,,,,,,,,,,,,,,,,,,,,,,,,,,,,,,,,,,,,,,,朱陈琪,1,12,096300,2024-04-24_11h56.57.111,IAT,2023.2.3,59.756289955671,2024-04-24 11h57.10.384264 +0800,
,,,,,,,,,,,,,,,,,,,,,,,,,,,,,,,,,,,,,,,,,,,,,,,,,,,,,,,,,,,,,,,,,,,,,,,,,,,,,,,,,,,,,,,,,,,,,,,,,,,,,,,,,,,,,,,,,,,,,,,,,,,,,,,,,,,,,,,,,,,,,,,,,,,,,,,,,,,,,,,,,165.70045050000772,165.7153844999848,165.7153844999848,165.7153844999848,165.7153844999848,165.7153844999848,165.7153844999848,165.7153844999848,165.7153844999848,166.34778979991097,space,0.629304499947466,None,,,,,,,,,,,,,,,,,,,,,,,,,,,,,,,,,朱陈琪,1,12,096300,2024-04-24_11h56.57.111,IAT,2023.2.3,59.756289955671,2024-04-24 11h57.10.384264 +0800,
舒畅,i,14,green,,,,,,,,,,,,,0,0,0,17,166.38173499994446,,,,,,,,,,,,,,,,,,,,,,,,,,,,,,,,,,,,,,,,,,,,,,,,,,,,,,,,,,,,,,,,,,,,,,,,,,,,,,,,,,,,,,,,,,,,,,,,,,,,,,,,,,,,,,,,,,,,,,,,,,,,,,,,,,,,,,,,,,,,,,,,,,,,,,,,,,166.35780479991809,166.38173499994446,166.38173499994446,166.38173499994446,166.38173499994446,166.38173499994446,166.38173499994446,166.38173499994446,166.38173499994446,166.56655509991106,i,1,0.17095460009295493,None,166.56688920001034,166.5820019999519,166.5820019999519,166.5820019999519,166.5820019999519,166.5820019999519,166.5820019999519,166.5820019999519,166.5820019999519,167.08043789991643,167.08043789991643,167.08043789991643,167.08043789991643,167.08043789991643,167.08043789991643,167.08043789991643,167.08043789991643,167.06680419994518,朱陈琪,1,12,096300,2024-04-24_11h56.57.111,IAT,2023.2.3,59.756289955671,2024-04-24 11h57.10.384264 +0800,
我的,i,11,blue,,,,,,,,,,,,,0,1,1,2,167.08043789991643,,,,,,,,,,,,,,,,,,,,,,,,,,,,,,,,,,,,,,,,,,,,,,,,,,,,,,,,,,,,,,,,,,,,,,,,,,,,,,,,,,,,,,,,,,,,,,,,,,,,,,,,,,,,,,,,,,,,,,,,,,,,,,,,,,,,,,,,,,,,,,,,,,,,,,,,,,167.06700449995697,167.08043789991643,167.08043789991643,167.08043789991643,167.08043789991643,167.08043789991643,167.08043789991643,167.08043789991643,167.08043789991643,167.26660239999183,i,1,0.16924770001787692,None,167.26683229999617,167.28044669993687,167.28044669993687,167.28044669993687,167.28044669993687,167.28044669993687,167.28044669993687,167.28044669993687,167.28044669993687,,,,,,,,,167.76742809999269,朱陈琪,1,12,096300,2024-04-24_11h56.57.111,IAT,2023.2.3,59.756289955671,2024-04-24 11h57.10.384264 +0800,
平衡,i,14,green,,,,,,,,,,,,,0,2,2,16,167.78182989999186,,,,,,,,,,,,,,,,,,,,,,,,,,,,,,,,,,,,,,,,,,,,,,,,,,,,,,,,,,,,,,,,,,,,,,,,,,,,,,,,,,,,,,,,,,,,,,,,,,,,,,,,,,,,,,,,,,,,,,,,,,,,,,,,,,,,,,,,,,,,,,,,,,,,,,,,,,167.76765639998484,167.78182989999186,167.78182989999186,167.78182989999186,167.78182989999186,167.78182989999186,167.78182989999186,167.78182989999186,167.78182989999186,167.91557559999637,i,1,0.1314865000313148,None,167.91579040000215,167.9325317000039,167.9325317000039,167.9325317000039,167.9325317000039,167.9325317000039,167.9325317000039,167.9325317000039,167.9325317000039,,,,,,,,,168.43354160001036,朱陈琪,1,12,096300,2024-04-24_11h56.57.111,IAT,2023.2.3,59.756289955671,2024-04-24 11h57.10.384264 +0800,
,,,,,,,,,,,,,,,,,,,,168.44838710001204,,,,,,,,,,,,,,,,,,,,,,,,,,,,,,,,,,,,,,,,,,,,,,,,,,,,,,,,,,,,,,,,,,,,,,,,,,,,,,,,,,,,,,,,,,,,,,,,,,,,,,,,,,,,,,,,,,,,,,,,,,,,,,,,,,,,,,,,,,,,,,,,,,,,,,,,,,168.43374659994151,168.44838710001204,168.44838710001204,168.44838710001204,168.44838710001204,168.44838710001204,168.44838710001204,168.44838710001204,168.44838710001204,168.4668193999678,i,0,0.0012756000505760312,None,168.46703739999793,,,,,,,,,,,,,,,,,,,,,,,,,,,
