﻿trials_2.thisRepN,trials_2.thisTrialN,trials_2.thisN,trials_2.thisIndex,word,answer,thisRow.t,notes,InputInfo.started,nameBox.started,genderBox.started,ageBox.started,End_Button.started,mouse.started,InputInfo.stopped,nameBox.text,genderBox.text,ageBox.text,mouse.x,mouse.y,mouse.leftButton,mouse.midButton,mouse.rightButton,mouse.time,mouse.clicked_name,InputInfoEnd.started,InputInfoEnd.stopped,TextDisplay1.started,text_1.started,key1.started,TextDisplay1.stopped,key1.keys,key1.rt,key1.duration,StartResting.started,text_2.started,key2.started,StartResting.stopped,key2.keys,key2.rt,key2.duration,Eyes.started,text_3.started,text_4.started,text_3.stopped,text_4.stopped,Eyes.stopped,Transition1.started,image_1.started,text_5.started,text_9.started,key_resp_2.started,image_1.stopped,text_5.stopped,Transition1.stopped,key_resp_2.keys,key_resp_2.rt,key_resp_2.duration,Instructions11.started,text_19.started,text_20.started,text_21.started,key_resp_7.started,Instructions11.stopped,key_resp_7.keys,key_resp_7.rt,key_resp_7.duration,Task11.started,text_22.started,text_23.started,text_24.started,key_resp_8.started,participant,session,date,expName,psychopyVersion,frameRate,expStart,
,,,,,,,,0.021829400000569876,0.03489189999891096,0.03489189999891096,0.03489189999891096,0.03489189999891096,0.022633399999904213,15.692091299999447,zhuchenqi,boy,18,[-0.007142857142857143],[-0.376984126984127],[1],[0],[0],[15.66885800000091],['End_Button'],,,,,,,,,,,,,,,,,,,,,,,,,,,,,,,,,,,,,,,,,,,,,,,,152643,001,2024-03-11_20h15.53.256,IAT,2023.2.3,60.13189329407504,2024-03-11 20h16.09.696908 +0800,
,,,,,,,,,,,,,,,,,,,,,,,,,15.692161599999963,15.692417599999317,15.692428400001518,15.7040264999996,15.7040264999996,41.84150859999863,space,26.135401799998363,None,,,,,,,,,,,,,,,,,,,,,,,,,,,,,,,,,,,,,,,152643,001,2024-03-11_20h15.53.256,IAT,2023.2.3,60.13189329407504,2024-03-11 20h16.09.696908 +0800,
,,,,,,,,,,,,,,,,,,,,,,,,,,,,,,,,,,41.84153080000033,41.85652090000076,41.85652090000076,45.52331799999956,space,3.6547203000009176,None,,,,,,,,,,,,,,,,,,,,,,,,,,,,,,,,152643,001,2024-03-11_20h15.53.256,IAT,2023.2.3,60.13189329407504,2024-03-11 20h16.09.696908 +0800,
,,,,,,,,,,,,,,,,,,,,,,,,,,,,,,,,,,,,,,,,,45.523338899998635,45.5392697999996,47.52174119999836,47.540237199998955,49.53558899999916,49.50792319999891,49.507932399999845,49.53558899999916,49.53558899999916,51.534345799998846,51.534345799998846,51.550261299998965,51.550261299998965,51.91866189999928,space,0.3688780999982555,None,,,,,,,,,,,,,,,152643,001,2024-03-11_20h15.53.256,IAT,2023.2.3,60.13189329407504,2024-03-11 20h16.09.696908 +0800,
,,,,,,,,,,,,,,,,,,,,,,,,,,,,,,,,,,,,,,,,,,,,,,,,,,,,,,,,,,51.91868389999945,51.93431219999911,51.93431219999911,51.93431219999911,51.93431219999911,57.30573450000156,space,5.352329599998484,None,,,,,,152643,001,2024-03-11_20h15.53.256,IAT,2023.2.3,60.13189329407504,2024-03-11 20h16.09.696908 +0800,
,,,,,,57.33556989999852,,,,,,,,,,,,,,,,,,,,,,,,,,,,,,,,,,,,,,,,,,,,,,,,,,,,,,,,,,,,,57.31704940000054,57.33556989999852,57.33556989999852,57.33556989999852,57.33556989999852,,,,,,,,
