﻿trials_2.thisRepN,trials_2.thisTrialN,trials_2.thisN,trials_2.thisIndex,word,answer,thisRow.t,notes,TextDisplay1.started,text_1.started,key1.started,TextDisplay1.stopped,key1.keys,key1.rt,key1.duration,StartResting.started,text_2.started,key2.started,StartResting.stopped,key2.keys,key2.rt,key2.duration,Eyes.started,text_3.started,text_3.stopped,text_4.started,text_4.stopped,Eyes.stopped,Transition1.started,image_1.started,text_5.started,text_9.started,key_resp_2.started,image_1.stopped,text_5.stopped,Transition1.stopped,key_resp_2.keys,key_resp_2.rt,key_resp_2.duration,Instructions11.started,text_19.started,text_20.started,text_21.started,key_resp_7.started,Instructions11.stopped,key_resp_7.keys,key_resp_7.rt,key_resp_7.duration,Task11.started,text_22.started,text_23.started,text_24.started,key_resp_8.started,Task11.stopped,key_resp_8.keys,key_resp_8.corr,key_resp_8.rt,key_resp_8.duration,Judge11.started,name,gender,age,participant,date,expName,psychopyVersion,frameRate,expStart,
,,,,,,,,0.014716999983647838,0.028308100008871406,0.028308100008871406,1.71722900000168,space,1.6681701999914367,None,,,,,,,,,,,,,,,,,,,,,,,,,,,,,,,,,,,,,,,,,,,,,朱陈琪,1,12,259843,2024-04-19_14h19.03.653,IAT,2023.2.3,60.79079092361344,2024-04-19 14h19.16.854347 +0800,
,,,,,,,,,,,,,,,1.7172479000000749,1.73005589999957,1.73005589999957,2.4505523999978323,space,0.7174527999886777,None,,,,,,,,,,,,,,,,,,,,,,,,,,,,,,,,,,,,,,朱陈琪,1,12,259843,2024-04-19_14h19.03.653,IAT,2023.2.3,60.79079092361344,2024-04-19 14h19.16.854347 +0800,
,,,,,,,,,,,,,,,,,,,,,,2.450569300010102,2.4631598999840207,4.463437800004613,4.463437800004613,6.474944199988386,6.450828400003957,6.450837199983653,6.474944199988386,6.474944199988386,8.452100099995732,8.452100099995732,8.480666199990083,8.480666199990083,9.161762800009456,space,0.7079904999991413,None,,,,,,,,,,,,,,,,,,,,,朱陈琪,1,12,259843,2024-04-19_14h19.03.653,IAT,2023.2.3,60.79079092361344,2024-04-19 14h19.16.854347 +0800,
,,,,,,,,,,,,,,,,,,,,,,,,,,,,,,,,,,,,,,,9.161781600007089,9.180582900007721,9.180582900007721,9.180582900007721,9.180582900007721,10.215344900003402,space,1.027837500005262,None,,,,,,,,,,,,朱陈琪,1,12,259843,2024-04-19_14h19.03.653,IAT,2023.2.3,60.79079092361344,2024-04-19 14h19.16.854347 +0800,
,,,,,,10.24954659998184,,,,,,,,,,,,,,,,,,,,,,,,,,,,,,,,,,,,,,,,,,10.226158300007228,10.24954659998184,10.24954659998184,10.24954659998184,10.24954659998184,10.68192539998563,e,1,0.422751000005519,None,10.68226840000716,,,,,,,,,,
