﻿thisRow.t,notes,Task2GetReady.started,text_15.started,Task2GetReady.stopped,TextDisplay1.started,text_1.started,key1.started,TextDisplay1.stopped,key1.keys,key1.rt,key1.duration,StartResting.started,text_2.started,key2.started,StartResting.stopped,key2.keys,key2.rt,key2.duration,Eyes.started,text_3.started,Eyes.stopped,closingEyes1.started,text_146.started,closingEyes1.stopped,Eyes1.started,text_4.started,Eyes1.stopped,Transition1.started,image_1.started,text_5.started,text_9.started,text_148.started,text_149.started,text_152.started,text_153.started,text_154.started,text_155.started,text_150.started,text_151.started,key_resp_2.started,image_1.stopped,text_5.stopped,Transition1.stopped,key_resp_2.keys,key_resp_2.rt,key_resp_2.duration,Instructions11.started,text_19.started,text_20.started,text_21.started,key_resp_7.started,name,gender,age,participant,date,expName,psychopyVersion,frameRate,expStart,
,,0.010995799995725974,0.01960230000258889,2.004676299999119,2.004705700004706,2.0209344000031706,2.0209344000031706,3.5305043999978807,space,1.4975101000018185,None,,,,,,,,,,,,,,,,,,,,,,,,,,,,,,,,,,,,,,,,,,,,312101,2024-06-24_22h59.21.036,IAT,2023.2.3,59.99246494839122,2024-06-24 22h59.27.514254 +0800,
,,,,,,,,,,,,3.5305758000031346,3.541565100007574,3.541565100007574,3.836615200008964,space,0.285075699997833,None,,,,,,,,,,,,,,,,,,,,,,,,,,,,,,,,,,,,,312101,2024-06-24_22h59.21.036,IAT,2023.2.3,59.99246494839122,2024-06-24 22h59.27.514254 +0800,
,,,,,,,,,,,,,,,,,,,3.8366486000013538,3.8524068999977317,5.838177900004666,5.83821010000247,5.854394900001353,65.83780530000513,65.8380121000082,65.86143469999661,67.85282349999761,67.85283970000455,67.91597860000911,67.91597860000911,69.84870370000135,69.84870370000135,69.84870370000135,69.84870370000135,69.84870370000135,69.84870370000135,69.84870370000135,69.84870370000135,69.84870370000135,69.84870370000135,69.91993689999799,69.91993689999799,71.88789230000111,space,2.030400000003283,None,,,,,,,,,312101,2024-06-24_22h59.21.036,IAT,2023.2.3,59.99246494839122,2024-06-24 22h59.27.514254 +0800,
,,,,,,,,,,,,,,,,,,,,,,,,,,,,,,,,,,,,,,,,,,,,,,,71.8879300999979,71.90341500000795,71.90341500000795,71.90341500000795,71.90341500000795,,,,,,,,,,
