﻿trials_2.thisRepN,trials_2.thisTrialN,trials_2.thisN,trials_2.thisIndex,word,answer,MarkNumber,thisRow.t,notes,TextDisplay1.started,text_1.started,key1.started,TextDisplay1.stopped,key1.keys,key1.rt,key1.duration,StartResting.started,text_2.started,key2.started,StartResting.stopped,key2.keys,key2.rt,key2.duration,Eyes.started,text_3.started,text_3.stopped,text_4.started,Eyes.stopped,Transition1.started,image_1.started,text_5.started,text_9.started,key_resp_2.started,image_1.stopped,text_5.stopped,Transition1.stopped,key_resp_2.keys,key_resp_2.rt,key_resp_2.duration,Instructions11.started,text_19.started,text_20.started,text_21.started,key_resp_7.started,Instructions11.stopped,key_resp_7.keys,key_resp_7.rt,key_resp_7.duration,Task11.started,text_22.started,text_23.started,text_24.started,key_resp_8.started,Task11.stopped,key_resp_8.keys,key_resp_8.corr,key_resp_8.rt,key_resp_8.duration,Judge11.started,name,gender,age,participant,date,expName,psychopyVersion,frameRate,expStart,
,,,,,,,,,0.02373110002372414,0.03960170000209473,0.03960170000209473,1.2545053000212647,space,1.2048647000046913,None,,,,,,,,,,,,,,,,,,,,,,,,,,,,,,,,,,,,,,,,,,,,zcq,1,12,429072,2024-04-19_15h24.02.996,IAT,2023.2.3,59.97411518075435,2024-04-19 15h24.34.823378 +0800,
,,,,,,,,,,,,,,,,1.2545289999980014,1.2706032000132836,1.2706032000132836,1.4403957000176888,space,0.1504185000085272,None,,,,,,,,,,,,,,,,,,,,,,,,,,,,,,,,,,,,,zcq,1,12,429072,2024-04-19_15h24.02.996,IAT,2023.2.3,59.97411518075435,2024-04-19 15h24.34.823378 +0800,
,,,,,,,,,,,,,,,,,,,,,,,1.4404139000107534,1.453953400021419,3.4612102000101004,3.4612102000101004,5.440501100005349,5.44051600000239,5.458533800003352,5.458533800003352,7.45262769999681,7.45262769999681,7.46857270001783,7.46857270001783,7.836977500002831,space,0.376673299993854,None,,,,,,,,,,,,,,,,,,,,,zcq,1,12,429072,2024-04-19_15h24.02.996,IAT,2023.2.3,59.97411518075435,2024-04-19 15h24.34.823378 +0800,
,,,,,,,,,,,,,,,,,,,,,,,,,,,,,,,,,,,,,,,7.836995500023477,7.85239260000526,7.85239260000526,7.85239260000526,7.85239260000526,8.03699730001972,space,0.17646639997838065,None,,,,,,,,,,,,zcq,1,12,429072,2024-04-19_15h24.02.996,IAT,2023.2.3,59.97411518075435,2024-04-19 15h24.34.823378 +0800,
,,,,,,,8.052221700025257,,,,,,,,,,,,,,,,,,,,,,,,,,,,,,,,,,,,,,,,,8.047717200010084,8.052221700025257,8.052221700025257,8.052221700025257,8.052221700025257,8.371536300022854,e,1,0.3124184000189416,None,8.371951700013597,,,,,,,,,,
