﻿thisRow.t,notes,TextDisplay1.started,text_1.started,key1.started,TextDisplay1.stopped,key1.keys,key1.rt,key1.duration,StartResting.started,text_2.started,key2.started,StartResting.stopped,key2.keys,key2.rt,key2.duration,Eyes.started,text_3.started,text_4.started,text_3.stopped,text_4.stopped,Eyes.stopped,Transition1.started,image_1.started,text_5.started,text_9.started,key_resp_2.started,image_1.stopped,text_5.stopped,Transition1.stopped,key_resp_2.keys,key_resp_2.rt,key_resp_2.duration,Instructions11.started,text_19.started,text_20.started,text_21.started,key_resp_7.started,participant,session,date,expName,psychopyVersion,frameRate,expStart,
,,0.002803899929858744,0.0186843000119552,0.0186843000119552,0.7198285999475047,space,0.6915862000314519,None,,,,,,,,,,,,,,,,,,,,,,,,,,,,,,462763,001,2024-03-07_16h08.20.503,IAT,2023.2.3,59.919133136003914,2024-03-07 16h08.40.114976 +0800,
,,,,,,,,,0.7198737999424338,0.735848099924624,0.735848099924624,1.454679899965413,space,0.7146592000499368,None,,,,,,,,,,,,,,,,,,,,,,,462763,001,2024-03-07_16h08.20.503,IAT,2023.2.3,59.919133136003914,2024-03-07 16h08.40.114976 +0800,
,,,,,,,,,,,,,,,,1.4547266999725252,1.469211700023152,3.454259500023909,3.471075900015421,5.45964399992954,5.440755599993281,5.44078589999117,5.45964399992954,5.45964399992954,7.458473599981517,7.458473599981517,7.474287200020626,7.474287200020626,9.776906299986877,space,2.31102510006167,None,,,,,,462763,001,2024-03-07_16h08.20.503,IAT,2023.2.3,59.919133136003914,2024-03-07 16h08.40.114976 +0800,
,,,,,,,,,,,,,,,,,,,,,,,,,,,,,,,,,9.776937099988572,9.792611000011675,9.792611000011675,9.792611000011675,9.792611000011675,,,,,,,,
