﻿word,answer,color,trials_2.thisRepN,trials_2.thisTrialN,trials_2.thisN,trials_2.thisIndex,trials_4.thisRepN,trials_4.thisTrialN,trials_4.thisN,trials_4.thisIndex,trials_5.thisRepN,trials_5.thisTrialN,trials_5.thisN,trials_5.thisIndex,trials_6.thisRepN,trials_6.thisTrialN,trials_6.thisN,trials_6.thisIndex,thisRow.t,notes,TextDisplay1.started,text_1.started,key1.started,TextDisplay1.stopped,key1.keys,key1.rt,key1.duration,StartResting.started,text_2.started,key2.started,StartResting.stopped,key2.keys,key2.rt,key2.duration,Eyes.started,text_3.started,text_4.started,text_3.stopped,text_4.stopped,Eyes.stopped,Transition1.started,image_1.started,text_5.started,text_9.started,key_resp_2.started,image_1.stopped,text_5.stopped,Transition1.stopped,key_resp_2.keys,key_resp_2.rt,key_resp_2.duration,Instructions11.started,text_19.started,text_20.started,text_21.started,key_resp_7.started,Instructions11.stopped,key_resp_7.keys,key_resp_7.rt,key_resp_7.duration,Task11.started,text_22.started,text_23.started,text_24.started,key_resp_8.started,Task11.stopped,key_resp_8.keys,key_resp_8.corr,key_resp_8.rt,key_resp_8.duration,Judge11.started,text_97.started,text_60.started,text_95.started,text_100.started,Judge11.stopped,text_97.stopped,text_60.stopped,text_95.stopped,text_100.stopped,Instruction12.started,text_25.started,text_26.started,text_27.started,key_resp_9.started,Instruction12.stopped,key_resp_9.keys,key_resp_9.rt,key_resp_9.duration,Task12.started,text_61.started,text_62.started,text_63.started,key_resp_16.started,Task12.stopped,key_resp_16.keys,key_resp_16.rt,key_resp_16.duration,Judge12.started,text_101.started,text_102.started,text_103.started,text_104.started,text_101.stopped,text_102.stopped,text_103.stopped,text_104.stopped,Judge12.stopped,Instruction13.started,text_29.started,text_30.started,text_31.started,text_32.started,text_33.started,text_34.started,text_35.started,key_resp_10.started,Instruction13.stopped,key_resp_10.keys,key_resp_10.rt,key_resp_10.duration,Task13.started,text_64.started,text_65.started,text_66.started,text_67.started,text_68.started,text_69.started,text_70.started,key_resp_17.started,Task13.stopped,key_resp_17.keys,key_resp_17.rt,key_resp_17.duration,Judge13.started,text_105.started,text_106.started,text_107.started,text_108.started,text_109.started,text_110.started,text_111.started,text_112.started,text_105.stopped,text_106.stopped,text_107.stopped,text_108.stopped,text_109.stopped,text_110.stopped,text_111.stopped,text_112.stopped,Judge13.stopped,Instruction14.started,text_36.started,text_37.started,text_38.started,text_39.started,text_40.started,text_41.started,text_42.started,key_resp_11.started,Instruction14.stopped,key_resp_11.keys,key_resp_11.rt,key_resp_11.duration,Task14.started,text_71.started,text_72.started,text_73.started,text_74.started,text_75.started,text_76.started,text_77.started,key_resp_21.started,Task14.stopped,key_resp_21.keys,key_resp_21.rt,key_resp_21.duration,participant,session,date,expName,psychopyVersion,frameRate,expStart,
,,,,,,,,,,,,,,,,,,,,,0.10210030002053827,0.12527530000079423,0.12527530000079423,0.6235523000359535,space,0.4798742999555543,None,,,,,,,,,,,,,,,,,,,,,,,,,,,,,,,,,,,,,,,,,,,,,,,,,,,,,,,,,,,,,,,,,,,,,,,,,,,,,,,,,,,,,,,,,,,,,,,,,,,,,,,,,,,,,,,,,,,,,,,,,,,,,,,,,,,,,,,,,,,,,,,,,,,,,,,,643304,001,2024-03-07_11h13.08.312,IAT,2023.2.3,30.135204610618132,2024-03-07 11h13.27.993107 +0800,
,,,,,,,,,,,,,,,,,,,,,,,,,,,,0.6235967000247911,0.6555584999732673,0.6555584999732673,0.9262397999409586,space,0.26155509997624904,None,,,,,,,,,,,,,,,,,,,,,,,,,,,,,,,,,,,,,,,,,,,,,,,,,,,,,,,,,,,,,,,,,,,,,,,,,,,,,,,,,,,,,,,,,,,,,,,,,,,,,,,,,,,,,,,,,,,,,,,,,,,,,,,,,,,,,,,,,,,,,,,,,643304,001,2024-03-07_11h13.08.312,IAT,2023.2.3,30.135204610618132,2024-03-07 11h13.27.993107 +0800,
,,,,,,,,,,,,,,,,,,,,,,,,,,,,,,,,,,,0.9262813000241295,0.964064999949187,2.9241463999496773,2.988119799993001,4.965912999934517,4.911650600028224,4.911660199984908,4.965912999934517,4.965912999934517,6.940757800010033,6.940757800010033,6.979749899939634,6.979749899939634,7.244096099981107,space,0.2724614000180736,None,,,,,,,,,,,,,,,,,,,,,,,,,,,,,,,,,,,,,,,,,,,,,,,,,,,,,,,,,,,,,,,,,,,,,,,,,,,,,,,,,,,,,,,,,,,,,,,,,,,,,,,,,,,,,,,,,,,,,,,,,,,,,,,,643304,001,2024-03-07_11h13.08.312,IAT,2023.2.3,30.135204610618132,2024-03-07 11h13.27.993107 +0800,
,,,,,,,,,,,,,,,,,,,,,,,,,,,,,,,,,,,,,,,,,,,,,,,,,,,,7.244130600010976,7.2741294000297785,7.2741294000297785,7.2741294000297785,7.2741294000297785,7.97060939995572,space,0.67513260000851,None,,,,,,,,,,,,,,,,,,,,,,,,,,,,,,,,,,,,,,,,,,,,,,,,,,,,,,,,,,,,,,,,,,,,,,,,,,,,,,,,,,,,,,,,,,,,,,,,,,,,,,,,,,,,,,,,,,,,,,,643304,001,2024-03-07_11h13.08.312,IAT,2023.2.3,30.135204610618132,2024-03-07 11h13.27.993107 +0800,
你,e,,0,0,0,9,,,,,,,,,,,,,8.005670999991708,,,,,,,,,,,,,,,,,,,,,,,,,,,,,,,,,,,,,,,,,,7.981304100016132,8.005670999991708,8.005670999991708,8.005670999991708,8.005670999991708,8.660075800027698,e,1,0.6395701000001281,None,8.660420699976385,8.69686719996389,8.69686719996389,8.69686719996389,8.69686719996389,9.16759299999103,,,,,,,,,,,,,,,,,,,,,,,,,,,,,,,,,,,,,,,,,,,,,,,,,,,,,,,,,,,,,,,,,,,,,,,,,,,,,,,,,,,,,,,,,,,,,,,,,,,,,,,643304,001,2024-03-07_11h13.08.312,IAT,2023.2.3,30.135204610618132,2024-03-07 11h13.27.993107 +0800,
我,i,,0,1,1,0,,,,,,,,,,,,,9.190018199966289,,,,,,,,,,,,,,,,,,,,,,,,,,,,,,,,,,,,,,,,,,9.167796000023372,9.190018199966289,9.190018199966289,9.190018199966289,9.190018199966289,9.220920199993998,i,1,0.007210700074210763,None,9.221236399956979,9.244908699998632,9.244908699998632,9.244908699998632,9.244908699998632,9.719519799924456,9.741191999986768,9.741191999986768,9.741191999986768,9.741191999986768,,,,,,,,,,,,,,,,,,,,,,,,,,,,,,,,,,,,,,,,,,,,,,,,,,,,,,,,,,,,,,,,,,,,,,,,,,,,,,,,,,,,,,,,,,,,,,,,,,,643304,001,2024-03-07_11h13.08.312,IAT,2023.2.3,30.135204610618132,2024-03-07 11h13.27.993107 +0800,
我的,i,,0,2,2,2,,,,,,,,,,,,,9.741191999986768,,,,,,,,,,,,,,,,,,,,,,,,,,,,,,,,,,,,,,,,,,9.71972559997812,9.741191999986768,9.741191999986768,9.741191999986768,9.741191999986768,9.947034599957988,e,0,0.20011659990996122,None,9.947320599923842,9.985221599927172,9.985221599927172,9.985221599927172,9.985221599927172,10.467586699989624,,,,,,,,,,,,,,,,,,,,,,,,,,,,,,,,,,,,,,,,,,,,,,,,,,,,,,,,,,,,,,,,,,,,,,,,,,,,,,,,,,,,,,,,,,,,,,,,,,,,,,,643304,001,2024-03-07_11h13.08.312,IAT,2023.2.3,30.135204610618132,2024-03-07 11h13.27.993107 +0800,
他们,e,,0,3,3,5,,,,,,,,,,,,,10.501768399961293,,,,,,,,,,,,,,,,,,,,,,,,,,,,,,,,,,,,,,,,,,10.467808899935335,10.501768399961293,10.501768399961293,10.501768399961293,10.501768399961293,10.52624429995194,i,0,0.01614209997933358,None,10.526653899927624,10.551063099992462,10.551063099992462,10.551063099992462,10.551063099992462,11.023386499960907,11.05155149998609,11.05155149998609,11.05155149998609,11.05155149998609,,,,,,,,,,,,,,,,,,,,,,,,,,,,,,,,,,,,,,,,,,,,,,,,,,,,,,,,,,,,,,,,,,,,,,,,,,,,,,,,,,,,,,,,,,,,,,,,,,,643304,001,2024-03-07_11h13.08.312,IAT,2023.2.3,30.135204610618132,2024-03-07 11h13.27.993107 +0800,
其他人,e,,0,4,4,8,,,,,,,,,,,,,11.05155149998609,,,,,,,,,,,,,,,,,,,,,,,,,,,,,,,,,,,,,,,,,,11.023694099974819,11.05155149998609,11.05155149998609,11.05155149998609,11.05155149998609,11.18561329995282,e,1,0.09926699998322874,None,11.185837500030175,11.217494699987583,11.217494699987583,11.217494699987583,11.217494699987583,11.70508049998898,,,,,,,,,,,,,,,,,,,,,,,,,,,,,,,,,,,,,,,,,,,,,,,,,,,,,,,,,,,,,,,,,,,,,,,,,,,,,,,,,,,,,,,,,,,,,,,,,,,,,,,643304,001,2024-03-07_11h13.08.312,IAT,2023.2.3,30.135204610618132,2024-03-07 11h13.27.993107 +0800,
你的,e,,0,5,5,7,,,,,,,,,,,,,11.724755699979141,,,,,,,,,,,,,,,,,,,,,,,,,,,,,,,,,,,,,,,,,,11.705290199955925,11.724755699979141,11.724755699979141,11.724755699979141,11.724755699979141,11.841698599979281,i,0,0.08867189998272806,None,11.84191750001628,11.862912899930961,11.862912899930961,11.862912899930961,11.862912899930961,12.330386699992232,12.365435099927709,12.365435099927709,12.365435099927709,12.365435099927709,,,,,,,,,,,,,,,,,,,,,,,,,,,,,,,,,,,,,,,,,,,,,,,,,,,,,,,,,,,,,,,,,,,,,,,,,,,,,,,,,,,,,,,,,,,,,,,,,,,643304,001,2024-03-07_11h13.08.312,IAT,2023.2.3,30.135204610618132,2024-03-07 11h13.27.993107 +0800,
他们的,e,,0,6,6,6,,,,,,,,,,,,,12.365435099927709,,,,,,,,,,,,,,,,,,,,,,,,,,,,,,,,,,,,,,,,,,12.33058800001163,12.365435099927709,12.365435099927709,12.365435099927709,12.365435099927709,12.458228999981657,i,0,0.07963019993621856,None,12.458509200019762,12.49666599999182,12.49666599999182,12.49666599999182,12.49666599999182,12.981071099988185,,,,,,,,,,,,,,,,,,,,,,,,,,,,,,,,,,,,,,,,,,,,,,,,,,,,,,,,,,,,,,,,,,,,,,,,,,,,,,,,,,,,,,,,,,,,,,,,,,,,,,,643304,001,2024-03-07_11h13.08.312,IAT,2023.2.3,30.135204610618132,2024-03-07 11h13.27.993107 +0800,
自己,i,,0,7,7,1,,,,,,,,,,,,,13.002430599997751,,,,,,,,,,,,,,,,,,,,,,,,,,,,,,,,,,,,,,,,,,12.981293099932373,13.002430599997751,13.002430599997751,13.002430599997751,13.002430599997751,13.143449799972586,i,1,0.13860450009815395,None,13.143735699937679,13.17480399995111,13.17480399995111,13.17480399995111,13.17480399995111,13.654943899950013,,,,,,,,,,,,,,,,,,,,,,,,,,,,,,,,,,,,,,,,,,,,,,,,,,,,,,,,,,,,,,,,,,,,,,,,,,,,,,,,,,,,,,,,,,,,,,,,,,,,,,,643304,001,2024-03-07_11h13.08.312,IAT,2023.2.3,30.135204610618132,2024-03-07 11h13.27.993107 +0800,
自我,i,,0,8,8,3,,,,,,,,,,,,,13.678099300013855,,,,,,,,,,,,,,,,,,,,,,,,,,,,,,,,,,,,,,,,,,13.655175099964254,13.678099300013855,13.678099300013855,13.678099300013855,13.678099300013855,14.174433599924669,i,1,0.47951440000906587,None,14.174665799946524,14.19393609999679,14.19393609999679,14.19393609999679,14.19393609999679,14.679151499993168,,,,,,,,,,,,,,,,,,,,,,,,,,,,,,,,,,,,,,,,,,,,,,,,,,,,,,,,,,,,,,,,,,,,,,,,,,,,,,,,,,,,,,,,,,,,,,,,,,,,,,,643304,001,2024-03-07_11h13.08.312,IAT,2023.2.3,30.135204610618132,2024-03-07 11h13.27.993107 +0800,
本人,i,,0,9,9,4,,,,,,,,,,,,,14.718316599959508,,,,,,,,,,,,,,,,,,,,,,,,,,,,,,,,,,,,,,,,,,14.679537200019695,14.718316599959508,14.718316599959508,14.718316599959508,14.718316599959508,14.789305399986915,e,0,0.0628551000263542,None,14.78954819997307,14.813975999946706,14.813975999946706,14.813975999946706,14.813975999946706,15.297330199973658,,,,,,,,,,,,,,,,,,,,,,,,,,,,,,,,,,,,,,,,,,,,,,,,,,,,,,,,,,,,,,,,,,,,,,,,,,,,,,,,,,,,,,,,,,,,,,,,,,,,,,,643304,001,2024-03-07_11h13.08.312,IAT,2023.2.3,30.135204610618132,2024-03-07 11h13.27.993107 +0800,
,,,,,,,,,,,,,,,,,,,,,,,,,,,,,,,,,,,,,,,,,,,,,,,,,,,,,,,,,,,,,,,,,,,,,,,,,,,,,,,,,15.297368200030178,15.319934000028297,15.319934000028297,15.319934000028297,15.319934000028297,15.974680999992415,space,0.6218744000652805,None,,,,,,,,,,,,,,,,,,,,,,,,,,,,,,,,,,,,,,,,,,,,,,,,,,,,,,,,,,,,,,,,,,,,,,,,,,,,,,,,,,,,,,,,,,643304,001,2024-03-07_11h13.08.312,IAT,2023.2.3,30.135204610618132,2024-03-07 11h13.27.993107 +0800,
紧张,e,,,,,,0,0,0,0,,,,,,,,,16.00193579995539,,,,,,,,,,,,,,,,,,,,,,,,,,,,,,,,,,,,,,,,,,,,,,,,,,,,,,,,,,,,,,,,,,,,,,,15.983866199967451,16.00193579995539,16.00193579995539,16.00193579995539,16.00193579995539,16.91895109997131,e,0.8915731000015512,None,16.91933629999403,16.937993700033985,16.937993700033985,16.937993700033985,16.937993700033985,17.45073899999261,17.45073899999261,17.45073899999261,17.45073899999261,17.418120299931616,,,,,,,,,,,,,,,,,,,,,,,,,,,,,,,,,,,,,,,,,,,,,,,,,,,,,,,,,,,,,,,,,,,,,,,643304,001,2024-03-07_11h13.08.312,IAT,2023.2.3,30.135204610618132,2024-03-07 11h13.27.993107 +0800,
安静,i,,,,,,0,1,1,8,,,,,,,,,17.45073899999261,,,,,,,,,,,,,,,,,,,,,,,,,,,,,,,,,,,,,,,,,,,,,,,,,,,,,,,,,,,,,,,,,,,,,,,17.418310999986716,17.45073899999261,17.45073899999261,17.45073899999261,17.45073899999261,18.40496760001406,i,0.9463434000499547,None,18.405216299928725,18.438757700030692,18.438757700030692,18.438757700030692,18.438757700030692,,,,,18.921542800031602,,,,,,,,,,,,,,,,,,,,,,,,,,,,,,,,,,,,,,,,,,,,,,,,,,,,,,,,,,,,,,,,,,,,,,,643304,001,2024-03-07_11h13.08.312,IAT,2023.2.3,30.135204610618132,2024-03-07 11h13.27.993107 +0800,
平衡,i,,,,,,0,2,2,6,,,,,,,,,18.940997599973343,,,,,,,,,,,,,,,,,,,,,,,,,,,,,,,,,,,,,,,,,,,,,,,,,,,,,,,,,,,,,,,,,,,,,,,18.92174050002359,18.940997599973343,18.940997599973343,18.940997599973343,18.940997599973343,20.475713299936615,e,1.5122177999000996,None,20.47591919999104,20.50633599993307,20.50633599993307,20.50633599993307,20.50633599993307,,,,,20.98935069993604,,,,,,,,,,,,,,,,,,,,,,,,,,,,,,,,,,,,,,,,,,,,,,,,,,,,,,,,,,,,,,,,,,,,,,,643304,001,2024-03-07_11h13.08.312,IAT,2023.2.3,30.135204610618132,2024-03-07 11h13.27.993107 +0800,
恐惧,e,,,,,,0,3,3,1,,,,,,,,,21.011868700035848,,,,,,,,,,,,,,,,,,,,,,,,,,,,,,,,,,,,,,,,,,,,,,,,,,,,,,,,,,,,,,,,,,,,,,,20.989630399970338,21.011868700035848,21.011868700035848,21.011868700035848,21.011868700035848,21.192004999960773,i,0.17735020001418889,None,21.192192599992268,21.234979299944825,21.234979299944825,21.234979299944825,21.234979299944825,,,,,21.697028900031,,,,,,,,,,,,,,,,,,,,,,,,,,,,,,,,,,,,,,,,,,,,,,,,,,,,,,,,,,,,,,,,,,,,,,,643304,001,2024-03-07_11h13.08.312,IAT,2023.2.3,30.135204610618132,2024-03-07 11h13.27.993107 +0800,
安宁,i,,,,,,0,4,4,9,,,,,,,,,21.71979260002263,,,,,,,,,,,,,,,,,,,,,,,,,,,,,,,,,,,,,,,,,,,,,,,,,,,,,,,,,,,,,,,,,,,,,,,21.697229799930938,21.71979260002263,21.71979260002263,21.71979260002263,21.71979260002263,21.854593300027773,i,0.13406070007476956,None,21.85478970000986,21.87411550001707,21.87411550001707,21.87411550001707,21.87411550001707,22.373038099962287,22.373038099962287,22.373038099962287,22.373038099962287,22.34373510000296,,,,,,,,,,,,,,,,,,,,,,,,,,,,,,,,,,,,,,,,,,,,,,,,,,,,,,,,,,,,,,,,,,,,,,,643304,001,2024-03-07_11h13.08.312,IAT,2023.2.3,30.135204610618132,2024-03-07 11h13.27.993107 +0800,
迷茫,e,,,,,,0,5,5,4,,,,,,,,,22.373038099962287,,,,,,,,,,,,,,,,,,,,,,,,,,,,,,,,,,,,,,,,,,,,,,,,,,,,,,,,,,,,,,,,,,,,,,,22.34401609993074,22.373038099962287,22.373038099962287,22.373038099962287,22.373038099962287,23.3777729999274,i,0.9760806000558659,None,23.37796990002971,23.404446900007315,23.404446900007315,23.404446900007315,23.404446900007315,,,,,23.887328199925832,,,,,,,,,,,,,,,,,,,,,,,,,,,,,,,,,,,,,,,,,,,,,,,,,,,,,,,,,,,,,,,,,,,,,,,643304,001,2024-03-07_11h13.08.312,IAT,2023.2.3,30.135204610618132,2024-03-07 11h13.27.993107 +0800,
放松,i,,,,,,0,6,6,5,,,,,,,,,23.921613099984825,,,,,,,,,,,,,,,,,,,,,,,,,,,,,,,,,,,,,,,,,,,,,,,,,,,,,,,,,,,,,,,,,,,,,,,23.887592499959283,23.921613099984825,23.921613099984825,23.921613099984825,23.921613099984825,24.055834600003436,i,0.11548479995690286,None,24.056043999968097,24.085029699956067,24.085029699956067,24.085029699956067,24.085029699956067,,,,,24.57785939995665,,,,,,,,,,,,,,,,,,,,,,,,,,,,,,,,,,,,,,,,,,,,,,,,,,,,,,,,,,,,,,,,,,,,,,,643304,001,2024-03-07_11h13.08.312,IAT,2023.2.3,30.135204610618132,2024-03-07 11h13.27.993107 +0800,
焦急,e,,,,,,0,7,7,2,,,,,,,,,24.597770599997602,,,,,,,,,,,,,,,,,,,,,,,,,,,,,,,,,,,,,,,,,,,,,,,,,,,,,,,,,,,,,,,,,,,,,,,24.578051200020127,24.597770599997602,24.597770599997602,24.597770599997602,24.597770599997602,24.70851639995817,i,0.10349020001012832,None,24.708714799955487,24.733934300020337,24.733934300020337,24.733934300020337,24.733934300020337,25.243693899945356,25.243693899945356,25.243693899945356,25.243693899945356,25.207045099930838,,,,,,,,,,,,,,,,,,,,,,,,,,,,,,,,,,,,,,,,,,,,,,,,,,,,,,,,,,,,,,,,,,,,,,,643304,001,2024-03-07_11h13.08.312,IAT,2023.2.3,30.135204610618132,2024-03-07 11h13.27.993107 +0800,
害怕,e,,,,,,0,8,8,3,,,,,,,,,25.243693899945356,,,,,,,,,,,,,,,,,,,,,,,,,,,,,,,,,,,,,,,,,,,,,,,,,,,,,,,,,,,,,,,,,,,,,,,25.207336899940856,25.243693899945356,25.243693899945356,25.243693899945356,25.243693899945356,25.26791149994824,i,0.017560699954628944,None,25.268101099994965,25.300758700002916,25.300758700002916,25.300758700002916,25.300758700002916,,,,,25.770382300019264,,,,,,,,,,,,,,,,,,,,,,,,,,,,,,,,,,,,,,,,,,,,,,,,,,,,,,,,,,,,,,,,,,,,,,,643304,001,2024-03-07_11h13.08.312,IAT,2023.2.3,30.135204610618132,2024-03-07 11h13.27.993107 +0800,
舒畅,i,,,,,,0,9,9,7,,,,,,,,,25.78824409993831,,,,,,,,,,,,,,,,,,,,,,,,,,,,,,,,,,,,,,,,,,,,,,,,,,,,,,,,,,,,,,,,,,,,,,,25.7705777999945,25.78824409993831,25.78824409993831,25.78824409993831,25.78824409993831,26.18599120003637,i,0.3694106999319047,None,26.18622819997836,26.205708399997093,26.205708399997093,26.205708399997093,26.205708399997093,,,,,26.688181799952872,,,,,,,,,,,,,,,,,,,,,,,,,,,,,,,,,,,,,,,,,,,,,,,,,,,,,,,,,,,,,,,,,,,,,,,643304,001,2024-03-07_11h13.08.312,IAT,2023.2.3,30.135204610618132,2024-03-07 11h13.27.993107 +0800,
,,,,,,,,,,,,,,,,,,,,,,,,,,,,,,,,,,,,,,,,,,,,,,,,,,,,,,,,,,,,,,,,,,,,,,,,,,,,,,,,,,,,,,,,,,,,,,,,,,,,,,,,,,,,,26.688225199934095,26.721862399950624,26.721862399950624,26.721862399950624,26.721862399950624,26.721862399950624,26.721862399950624,26.721862399950624,26.721862399950624,27.25474529992789,space,0.5070905000902712,None,,,,,,,,,,,,,,,,,,,,,,,,,,,,,,,,,,,,,,,,,,,,,,,,,,,,,,,,,,643304,001,2024-03-07_11h13.08.312,IAT,2023.2.3,30.135204610618132,2024-03-07 11h13.27.993107 +0800,
本人,i,blue,,,,,,,,,0,0,0,4,,,,,27.285384999937378,,,,,,,,,,,,,,,,,,,,,,,,,,,,,,,,,,,,,,,,,,,,,,,,,,,,,,,,,,,,,,,,,,,,,,,,,,,,,,,,,,,,,,,,,,,,,,,,,,,,,,,27.26718979992438,27.285384999937378,27.285384999937378,27.285384999937378,27.285384999937378,27.285384999937378,27.285384999937378,27.285384999937378,27.285384999937378,28.443081000004895,e,1.1524231999646872,None,28.443442399962805,28.4687513000099,28.4687513000099,28.4687513000099,28.4687513000099,28.4687513000099,28.4687513000099,28.4687513000099,28.4687513000099,28.97388609999325,28.97388609999325,28.97388609999325,28.97388609999325,28.97388609999325,28.97388609999325,28.97388609999325,28.97388609999325,28.94056629994884,,,,,,,,,,,,,,,,,,,,,,,,,,,643304,001,2024-03-07_11h13.08.312,IAT,2023.2.3,30.135204610618132,2024-03-07 11h13.27.993107 +0800,
他们,e,blue,,,,,,,,,0,1,1,5,,,,,28.97388609999325,,,,,,,,,,,,,,,,,,,,,,,,,,,,,,,,,,,,,,,,,,,,,,,,,,,,,,,,,,,,,,,,,,,,,,,,,,,,,,,,,,,,,,,,,,,,,,,,,,,,,,,28.940772900008596,28.97388609999325,28.97388609999325,28.97388609999325,28.97388609999325,28.97388609999325,28.97388609999325,28.97388609999325,28.97388609999325,29.231916600023396,i,0.23981899989303201,None,29.23229790001642,29.255752600030974,29.255752600030974,29.255752600030974,29.255752600030974,29.255752600030974,29.255752600030974,29.255752600030974,29.255752600030974,29.768369399942458,29.768369399942458,29.768369399942458,29.768369399942458,29.768369399942458,29.768369399942458,29.768369399942458,29.768369399942458,29.728321700007655,,,,,,,,,,,,,,,,,,,,,,,,,,,643304,001,2024-03-07_11h13.08.312,IAT,2023.2.3,30.135204610618132,2024-03-07 11h13.27.993107 +0800,
恐惧,e,green,,,,,,,,,0,2,2,11,,,,,29.768369399942458,,,,,,,,,,,,,,,,,,,,,,,,,,,,,,,,,,,,,,,,,,,,,,,,,,,,,,,,,,,,,,,,,,,,,,,,,,,,,,,,,,,,,,,,,,,,,,,,,,,,,,,29.728521900018677,29.768369399942458,29.768369399942458,29.768369399942458,29.768369399942458,29.768369399942458,29.768369399942458,29.768369399942458,29.768369399942458,29.945545900030993,e,0.156938900006935,None,29.945802000002004,29.980931099969894,29.980931099969894,29.980931099969894,29.980931099969894,29.980931099969894,29.980931099969894,29.980931099969894,29.980931099969894,,,,,,,,,30.469460999942385,,,,,,,,,,,,,,,,,,,,,,,,,,,643304,001,2024-03-07_11h13.08.312,IAT,2023.2.3,30.135204610618132,2024-03-07 11h13.27.993107 +0800,
自己,i,blue,,,,,,,,,0,3,3,1,,,,,30.49383399996441,,,,,,,,,,,,,,,,,,,,,,,,,,,,,,,,,,,,,,,,,,,,,,,,,,,,,,,,,,,,,,,,,,,,,,,,,,,,,,,,,,,,,,,,,,,,,,,,,,,,,,,30.469691499951296,30.49383399996441,30.49383399996441,30.49383399996441,30.49383399996441,30.49383399996441,30.49383399996441,30.49383399996441,30.49383399996441,30.67676169995684,i,0.167276700027287,None,30.676969700027257,30.718599700019695,30.718599700019695,30.718599700019695,30.718599700019695,30.718599700019695,30.718599700019695,30.718599700019695,30.718599700019695,,,,,,,,,31.19104669999797,,,,,,,,,,,,,,,,,,,,,,,,,,,643304,001,2024-03-07_11h13.08.312,IAT,2023.2.3,30.135204610618132,2024-03-07 11h13.27.993107 +0800,
迷茫,e,green,,,,,,,,,0,4,4,14,,,,,31.232066600001417,,,,,,,,,,,,,,,,,,,,,,,,,,,,,,,,,,,,,,,,,,,,,,,,,,,,,,,,,,,,,,,,,,,,,,,,,,,,,,,,,,,,,,,,,,,,,,,,,,,,,,,31.191373000037856,31.232066600001417,31.232066600001417,31.232066600001417,31.232066600001417,31.232066600001417,31.232066600001417,31.232066600001417,31.232066600001417,31.275693699950352,e,0.03701500000897795,None,31.27591820002999,31.313376699923538,31.313376699923538,31.313376699923538,31.313376699923538,31.313376699923538,31.313376699923538,31.313376699923538,31.313376699923538,,,,,,,,,31.789614400011487,,,,,,,,,,,,,,,,,,,,,,,,,,,643304,001,2024-03-07_11h13.08.312,IAT,2023.2.3,30.135204610618132,2024-03-07 11h13.27.993107 +0800,
安静,i,green,,,,,,,,,0,5,5,18,,,,,31.81348499993328,,,,,,,,,,,,,,,,,,,,,,,,,,,,,,,,,,,,,,,,,,,,,,,,,,,,,,,,,,,,,,,,,,,,,,,,,,,,,,,,,,,,,,,,,,,,,,,,,,,,,,,31.789841999998316,31.81348499993328,31.81348499993328,31.81348499993328,31.81348499993328,31.81348499993328,31.81348499993328,31.81348499993328,31.81348499993328,31.94484220002778,i,0.11238009994849563,None,31.945084400009364,31.97970709996298,31.97970709996298,31.97970709996298,31.97970709996298,31.97970709996298,31.97970709996298,31.97970709996298,31.97970709996298,,,,,,,,,32.46262949996162,,,,,,,,,,,,,,,,,,,,,,,,,,,643304,001,2024-03-07_11h13.08.312,IAT,2023.2.3,30.135204610618132,2024-03-07 11h13.27.993107 +0800,
紧张,e,green,,,,,,,,,0,6,6,10,,,,,32.49849429994356,,,,,,,,,,,,,,,,,,,,,,,,,,,,,,,,,,,,,,,,,,,,,,,,,,,,,,,,,,,,,,,,,,,,,,,,,,,,,,,,,,,,,,,,,,,,,,,,,,,,,,,32.46288010000717,32.49849429994356,32.49849429994356,32.49849429994356,32.49849429994356,32.49849429994356,32.49849429994356,32.49849429994356,32.49849429994356,33.07993429992348,e,0.562803199980408,None,33.08014760003425,33.11685879994184,33.11685879994184,33.11685879994184,33.11685879994184,33.11685879994184,33.11685879994184,33.11685879994184,33.11685879994184,,,,,,,,,33.60316309996415,,,,,,,,,,,,,,,,,,,,,,,,,,,643304,001,2024-03-07_11h13.08.312,IAT,2023.2.3,30.135204610618132,2024-03-07 11h13.27.993107 +0800,
你,e,blue,,,,,,,,,0,7,7,9,,,,,33.62605359998997,,,,,,,,,,,,,,,,,,,,,,,,,,,,,,,,,,,,,,,,,,,,,,,,,,,,,,,,,,,,,,,,,,,,,,,,,,,,,,,,,,,,,,,,,,,,,,,,,,,,,,,33.60350369999651,33.62605359998997,33.62605359998997,33.62605359998997,33.62605359998997,33.62605359998997,33.62605359998997,33.62605359998997,33.62605359998997,33.66301250003744,i,0.026904000085778534,None,33.66320589999668,33.69500900001731,33.69500900001731,33.69500900001731,33.69500900001731,33.69500900001731,33.69500900001731,33.69500900001731,33.69500900001731,,,,,,,,,34.178556700004265,,,,,,,,,,,,,,,,,,,,,,,,,,,643304,001,2024-03-07_11h13.08.312,IAT,2023.2.3,30.135204610618132,2024-03-07 11h13.27.993107 +0800,
他们的,e,blue,,,,,,,,,0,8,8,6,,,,,34.201835299958475,,,,,,,,,,,,,,,,,,,,,,,,,,,,,,,,,,,,,,,,,,,,,,,,,,,,,,,,,,,,,,,,,,,,,,,,,,,,,,,,,,,,,,,,,,,,,,,,,,,,,,,34.1787742000306,34.201835299958475,34.201835299958475,34.201835299958475,34.201835299958475,34.201835299958475,34.201835299958475,34.201835299958475,34.201835299958475,34.413533599930815,e,0.1956538000376895,None,34.41388439992443,34.451188200036995,34.451188200036995,34.451188200036995,34.451188200036995,34.451188200036995,34.451188200036995,34.451188200036995,34.451188200036995,,,,,,,,,34.93381479999516,,,,,,,,,,,,,,,,,,,,,,,,,,,643304,001,2024-03-07_11h13.08.312,IAT,2023.2.3,30.135204610618132,2024-03-07 11h13.27.993107 +0800,
其他人,e,blue,,,,,,,,,0,9,9,8,,,,,34.96916560002137,,,,,,,,,,,,,,,,,,,,,,,,,,,,,,,,,,,,,,,,,,,,,,,,,,,,,,,,,,,,,,,,,,,,,,,,,,,,,,,,,,,,,,,,,,,,,,,,,,,,,,,34.9340997999534,34.96916560002137,34.96916560002137,34.96916560002137,34.96916560002137,34.96916560002137,34.96916560002137,34.96916560002137,34.96916560002137,35.046434100018814,i,0.04424950003158301,None,35.04669330001343,35.07092349999584,35.07092349999584,35.07092349999584,35.07092349999584,35.07092349999584,35.07092349999584,35.07092349999584,35.07092349999584,,,,,,,,,35.5512616999913,,,,,,,,,,,,,,,,,,,,,,,,,,,643304,001,2024-03-07_11h13.08.312,IAT,2023.2.3,30.135204610618132,2024-03-07 11h13.27.993107 +0800,
焦急,e,green,,,,,,,,,0,10,10,12,,,,,35.58238609996624,,,,,,,,,,,,,,,,,,,,,,,,,,,,,,,,,,,,,,,,,,,,,,,,,,,,,,,,,,,,,,,,,,,,,,,,,,,,,,,,,,,,,,,,,,,,,,,,,,,,,,,35.551460599992424,35.58238609996624,35.58238609996624,35.58238609996624,35.58238609996624,35.58238609996624,35.58238609996624,35.58238609996624,35.58238609996624,35.63855709997006,e,0.05461490002926439,None,35.63876509992406,35.661209799931385,35.661209799931385,35.661209799931385,35.661209799931385,35.661209799931385,35.661209799931385,35.661209799931385,35.661209799931385,36.17451189993881,36.17451189993881,36.17451189993881,36.17451189993881,36.17451189993881,36.17451189993881,36.17451189993881,36.17451189993881,36.13835439994,,,,,,,,,,,,,,,,,,,,,,,,,,,643304,001,2024-03-07_11h13.08.312,IAT,2023.2.3,30.135204610618132,2024-03-07 11h13.27.993107 +0800,
放松,i,green,,,,,,,,,0,11,11,15,,,,,36.17451189993881,,,,,,,,,,,,,,,,,,,,,,,,,,,,,,,,,,,,,,,,,,,,,,,,,,,,,,,,,,,,,,,,,,,,,,,,,,,,,,,,,,,,,,,,,,,,,,,,,,,,,,,36.13854780001566,36.17451189993881,36.17451189993881,36.17451189993881,36.17451189993881,36.17451189993881,36.17451189993881,36.17451189993881,36.17451189993881,36.20266269997228,i,0.02251020004041493,None,36.20294340001419,36.22526989993639,36.22526989993639,36.22526989993639,36.22526989993639,36.22526989993639,36.22526989993639,36.22526989993639,36.22526989993639,,,,,,,,,36.719326599966735,,,,,,,,,,,,,,,,,,,,,,,,,,,643304,001,2024-03-07_11h13.08.312,IAT,2023.2.3,30.135204610618132,2024-03-07 11h13.27.993107 +0800,
自我,i,blue,,,,,,,,,0,12,12,3,,,,,36.74068859999534,,,,,,,,,,,,,,,,,,,,,,,,,,,,,,,,,,,,,,,,,,,,,,,,,,,,,,,,,,,,,,,,,,,,,,,,,,,,,,,,,,,,,,,,,,,,,,,,,,,,,,,36.719798999954946,36.74068859999534,36.74068859999534,36.74068859999534,36.74068859999534,36.74068859999534,36.74068859999534,36.74068859999534,36.74068859999534,36.85063430003356,i,0.08106019999831915,None,36.850886299973354,36.87098310003057,36.87098310003057,36.87098310003057,36.87098310003057,36.87098310003057,36.87098310003057,36.87098310003057,36.87098310003057,,,,,,,,,37.363207799964584,,,,,,,,,,,,,,,,,,,,,,,,,,,643304,001,2024-03-07_11h13.08.312,IAT,2023.2.3,30.135204610618132,2024-03-07 11h13.27.993107 +0800,
舒畅,i,green,,,,,,,,,0,13,13,17,,,,,37.38587080000434,,,,,,,,,,,,,,,,,,,,,,,,,,,,,,,,,,,,,,,,,,,,,,,,,,,,,,,,,,,,,,,,,,,,,,,,,,,,,,,,,,,,,,,,,,,,,,,,,,,,,,,37.363427600008436,37.38587080000434,37.38587080000434,37.38587080000434,37.38587080000434,37.38587080000434,37.38587080000434,37.38587080000434,37.38587080000434,38.73648189997766,i,1.332016000058502,None,38.736686300020665,38.76782639999874,38.76782639999874,38.76782639999874,38.76782639999874,38.76782639999874,38.76782639999874,38.76782639999874,38.76782639999874,,,,,,,,,39.25253049994353,,,,,,,,,,,,,,,,,,,,,,,,,,,643304,001,2024-03-07_11h13.08.312,IAT,2023.2.3,30.135204610618132,2024-03-07 11h13.27.993107 +0800,
你的,e,blue,,,,,,,,,0,14,14,7,,,,,39.27359420002904,,,,,,,,,,,,,,,,,,,,,,,,,,,,,,,,,,,,,,,,,,,,,,,,,,,,,,,,,,,,,,,,,,,,,,,,,,,,,,,,,,,,,,,,,,,,,,,,,,,,,,,39.25281730003189,39.27359420002904,39.27359420002904,39.27359420002904,39.27359420002904,39.27359420002904,39.27359420002904,39.27359420002904,39.27359420002904,39.39360389998183,e,0.11534209991805255,None,39.39379499992356,39.41766579996329,39.41766579996329,39.41766579996329,39.41766579996329,39.41766579996329,39.41766579996329,39.41766579996329,39.41766579996329,39.92105709994212,39.92105709994212,39.92105709994212,39.92105709994212,39.92105709994212,39.92105709994212,39.92105709994212,39.92105709994212,39.88748579996172,,,,,,,,,,,,,,,,,,,,,,,,,,,643304,001,2024-03-07_11h13.08.312,IAT,2023.2.3,30.135204610618132,2024-03-07 11h13.27.993107 +0800,
我,i,blue,,,,,,,,,0,15,15,0,,,,,39.92105709994212,,,,,,,,,,,,,,,,,,,,,,,,,,,,,,,,,,,,,,,,,,,,,,,,,,,,,,,,,,,,,,,,,,,,,,,,,,,,,,,,,,,,,,,,,,,,,,,,,,,,,,,39.88769819994923,39.92105709994212,39.92105709994212,39.92105709994212,39.92105709994212,39.92105709994212,39.92105709994212,39.92105709994212,39.92105709994212,40.04426749993581,i,0.10066370002459735,None,40.04446300002746,40.06922329997178,40.06922329997178,40.06922329997178,40.06922329997178,40.06922329997178,40.06922329997178,40.06922329997178,40.06922329997178,,,,,,,,,40.55353539995849,,,,,,,,,,,,,,,,,,,,,,,,,,,643304,001,2024-03-07_11h13.08.312,IAT,2023.2.3,30.135204610618132,2024-03-07 11h13.27.993107 +0800,
安宁,i,green,,,,,,,,,0,16,16,19,,,,,40.5851321000373,,,,,,,,,,,,,,,,,,,,,,,,,,,,,,,,,,,,,,,,,,,,,,,,,,,,,,,,,,,,,,,,,,,,,,,,,,,,,,,,,,,,,,,,,,,,,,,,,,,,,,,40.55383560003247,40.5851321000373,40.5851321000373,40.5851321000373,40.5851321000373,40.5851321000373,40.5851321000373,40.5851321000373,40.5851321000373,40.74156200001016,i,0.1399915999500081,None,40.7417632000288,40.761659599957056,40.761659599957056,40.761659599957056,40.761659599957056,40.761659599957056,40.761659599957056,40.761659599957056,40.761659599957056,41.26041210000403,41.26041210000403,41.26041210000403,41.26041210000403,41.26041210000403,41.26041210000403,41.26041210000403,41.26041210000403,41.23065939999651,,,,,,,,,,,,,,,,,,,,,,,,,,,643304,001,2024-03-07_11h13.08.312,IAT,2023.2.3,30.135204610618132,2024-03-07 11h13.27.993107 +0800,
我的,i,blue,,,,,,,,,0,17,17,2,,,,,41.26041210000403,,,,,,,,,,,,,,,,,,,,,,,,,,,,,,,,,,,,,,,,,,,,,,,,,,,,,,,,,,,,,,,,,,,,,,,,,,,,,,,,,,,,,,,,,,,,,,,,,,,,,,,41.23084179998841,41.26041210000403,41.26041210000403,41.26041210000403,41.26041210000403,41.26041210000403,41.26041210000403,41.26041210000403,41.26041210000403,41.361162499990314,i,0.08858520002104342,None,41.361528099980205,41.394468599930406,41.394468599930406,41.394468599930406,41.394468599930406,41.394468599930406,41.394468599930406,41.394468599930406,41.394468599930406,,,,,,,,,41.87179619993549,,,,,,,,,,,,,,,,,,,,,,,,,,,643304,001,2024-03-07_11h13.08.312,IAT,2023.2.3,30.135204610618132,2024-03-07 11h13.27.993107 +0800,
平衡,i,green,,,,,,,,,0,18,18,16,,,,,41.89430389995687,,,,,,,,,,,,,,,,,,,,,,,,,,,,,,,,,,,,,,,,,,,,,,,,,,,,,,,,,,,,,,,,,,,,,,,,,,,,,,,,,,,,,,,,,,,,,,,,,,,,,,,41.872013599961065,41.89430389995687,41.89430389995687,41.89430389995687,41.89430389995687,41.89430389995687,41.89430389995687,41.89430389995687,41.89430389995687,42.00616450002417,i,0.11070630000904202,None,42.006341699976474,42.04122389992699,42.04122389992699,42.04122389992699,42.04122389992699,42.04122389992699,42.04122389992699,42.04122389992699,42.04122389992699,,,,,,,,,42.52298210002482,,,,,,,,,,,,,,,,,,,,,,,,,,,643304,001,2024-03-07_11h13.08.312,IAT,2023.2.3,30.135204610618132,2024-03-07 11h13.27.993107 +0800,
害怕,e,green,,,,,,,,,0,19,19,13,,,,,42.54338429996278,,,,,,,,,,,,,,,,,,,,,,,,,,,,,,,,,,,,,,,,,,,,,,,,,,,,,,,,,,,,,,,,,,,,,,,,,,,,,,,,,,,,,,,,,,,,,,,,,,,,,,,42.523179000010714,42.54338429996278,42.54338429996278,42.54338429996278,42.54338429996278,42.54338429996278,42.54338429996278,42.54338429996278,42.54338429996278,42.6784266999457,i,0.1179664001101628,None,42.678672799956985,42.714385799947195,42.714385799947195,42.714385799947195,42.714385799947195,42.714385799947195,42.714385799947195,42.714385799947195,42.714385799947195,,,,,,,,,43.20089849992655,,,,,,,,,,,,,,,,,,,,,,,,,,,643304,001,2024-03-07_11h13.08.312,IAT,2023.2.3,30.135204610618132,2024-03-07 11h13.27.993107 +0800,
,,,,,,,,,,,,,,,,,,,,,,,,,,,,,,,,,,,,,,,,,,,,,,,,,,,,,,,,,,,,,,,,,,,,,,,,,,,,,,,,,,,,,,,,,,,,,,,,,,,,,,,,,,,,,,,,,,,,,,,,,,,,,,,,,,,,,,,,,,,,,,,,,,,,,,,,,43.200937299989164,43.23637299996335,43.23637299996335,43.23637299996335,43.23637299996335,43.23637299996335,43.23637299996335,43.23637299996335,43.23637299996335,43.672745599993505,space,0.41680600005201995,None,,,,,,,,,,,,,,643304,001,2024-03-07_11h13.08.312,IAT,2023.2.3,30.135204610618132,2024-03-07 11h13.27.993107 +0800,
其他人,e,blue,,,,,,,,,,,,,0,0,0,8,43.70481050002854,,,,,,,,,,,,,,,,,,,,,,,,,,,,,,,,,,,,,,,,,,,,,,,,,,,,,,,,,,,,,,,,,,,,,,,,,,,,,,,,,,,,,,,,,,,,,,,,,,,,,,,,,,,,,,,,,,,,,,,,,,,,,,,,,,,,,,,,,,,,,,,,,,,43.68306329997722,43.70481050002854,43.70481050002854,43.70481050002854,43.70481050002854,43.70481050002854,43.70481050002854,43.70481050002854,43.70481050002854,44.15248349995818,e,0.4363439999287948,None,643304,001,2024-03-07_11h13.08.312,IAT,2023.2.3,30.135204610618132,2024-03-07 11h13.27.993107 +0800,
我的,i,blue,,,,,,,,,,,,,0,1,1,2,44.18512879998889,,,,,,,,,,,,,,,,,,,,,,,,,,,,,,,,,,,,,,,,,,,,,,,,,,,,,,,,,,,,,,,,,,,,,,,,,,,,,,,,,,,,,,,,,,,,,,,,,,,,,,,,,,,,,,,,,,,,,,,,,,,,,,,,,,,,,,,,,,,,,,,,,,,44.152840099995956,44.18512879998889,44.18512879998889,44.18512879998889,44.18512879998889,44.18512879998889,44.18512879998889,44.18512879998889,44.18512879998889,44.397400000016205,i,0.18807250005193055,None,643304,001,2024-03-07_11h13.08.312,IAT,2023.2.3,30.135204610618132,2024-03-07 11h13.27.993107 +0800,
自我,i,blue,,,,,,,,,,,,,0,2,2,3,44.420361800002865,,,,,,,,,,,,,,,,,,,,,,,,,,,,,,,,,,,,,,,,,,,,,,,,,,,,,,,,,,,,,,,,,,,,,,,,,,,,,,,,,,,,,,,,,,,,,,,,,,,,,,,,,,,,,,,,,,,,,,,,,,,,,,,,,,,,,,,,,,,,,,,,,,,44.397780400002375,44.420361800002865,44.420361800002865,44.420361800002865,44.420361800002865,44.420361800002865,44.420361800002865,44.420361800002865,44.420361800002865,44.58843929995783,i,0.13683560001663864,None,643304,001,2024-03-07_11h13.08.312,IAT,2023.2.3,30.135204610618132,2024-03-07 11h13.27.993107 +0800,
,,,,,,,,,,,,,,,,,,,44.60897639999166,,,,,,,,,,,,,,,,,,,,,,,,,,,,,,,,,,,,,,,,,,,,,,,,,,,,,,,,,,,,,,,,,,,,,,,,,,,,,,,,,,,,,,,,,,,,,,,,,,,,,,,,,,,,,,,,,,,,,,,,,,,,,,,,,,,,,,,,,,,,,,,,,,,44.588726199930534,44.60897639999166,44.60897639999166,44.60897639999166,44.60897639999166,44.60897639999166,44.60897639999166,44.60897639999166,44.60897639999166,,,,,,,,,,,,
