﻿trials_2.thisRepN,trials_2.thisTrialN,trials_2.thisN,trials_2.thisIndex,word,answer,thisRow.t,notes,TextDisplay1.started,text_1.started,key1.started,TextDisplay1.stopped,key1.keys,key1.rt,key1.duration,StartResting.started,text_2.started,key2.started,StartResting.stopped,key2.keys,key2.rt,key2.duration,Eyes.started,text_3.started,text_4.started,text_3.stopped,text_4.stopped,Eyes.stopped,Transition1.started,image_1.started,text_5.started,image_1.stopped,text_5.stopped,text_9.started,key_resp_2.started,Transition1.stopped,key_resp_2.keys,key_resp_2.rt,key_resp_2.duration,Instructions11.started,text_19.started,text_20.started,text_21.started,key_resp_7.started,Instructions11.stopped,key_resp_7.keys,key_resp_7.rt,key_resp_7.duration,Task11.started,text_22.started,text_23.started,text_24.started,key_resp_8.started,Task11.stopped,key_resp_8.keys,key_resp_8.corr,key_resp_8.rt,key_resp_8.duration,Judge11.started,name,gender,age,participant,date,expName,psychopyVersion,frameRate,expStart,
,,,,,,,,0.027557199995499104,0.042893400008324534,0.042893400008324534,0.7123372000060044,space,0.6587603999942075,None,,,,,,,,,,,,,,,,,,,,,,,,,,,,,,,,,,,,,,,,,,,,,zcq ,11,12,717888,2024-04-19_14h21.06.246,IAT,2023.2.3,59.28943977054078,2024-04-19 14h21.18.021972 +0800,
,,,,,,,,,,,,,,,0.7123549999960233,0.724613500002306,0.724613500002306,1.191659600008279,space,0.4652069000003394,None,,,,,,,,,,,,,,,,,,,,,,,,,,,,,,,,,,,,,,zcq ,11,12,717888,2024-04-19_14h21.06.246,IAT,2023.2.3,59.28943977054078,2024-04-19 14h21.18.021972 +0800,
,,,,,,,,,,,,,,,,,,,,,,1.1916791000112426,1.210010400012834,3.192270700004883,3.2283794000104535,5.203904399997555,5.180854700010968,5.180863200017484,5.203904399997555,5.203904399997555,7.206233800010523,7.206233800010523,7.206233800010523,7.206233800010523,7.375654500006931,space,0.15958820001105778,None,,,,,,,,,,,,,,,,,,,,,zcq ,11,12,717888,2024-04-19_14h21.06.246,IAT,2023.2.3,59.28943977054078,2024-04-19 14h21.18.021972 +0800,
,,,,,,,,,,,,,,,,,,,,,,,,,,,,,,,,,,,,,,,7.375719900010154,7.389542899996741,7.389542899996741,7.389542899996741,7.389542899996741,7.557342800020706,space,0.1523655999917537,None,,,,,,,,,,,,zcq ,11,12,717888,2024-04-19_14h21.06.246,IAT,2023.2.3,59.28943977054078,2024-04-19 14h21.18.021972 +0800,
,,,,,,7.57281770001282,,,,,,,,,,,,,,,,,,,,,,,,,,,,,,,,,,,,,,,,,,7.567307699995581,7.57281770001282,7.57281770001282,7.57281770001282,7.57281770001282,8.257174700003816,e,0,0.6723820000188425,None,8.257605999999214,,,,,,,,,,
