﻿trials_2.thisRepN,trials_2.thisTrialN,trials_2.thisN,trials_2.thisIndex,word,answer,thisRow.t,notes,TextDisplay1.started,text_1.started,key1.started,TextDisplay1.stopped,key1.keys,key1.rt,key1.duration,StartResting.started,text_2.started,key2.started,StartResting.stopped,key2.keys,key2.rt,key2.duration,Eyes.started,text_3.started,text_4.started,text_3.stopped,text_4.stopped,Eyes.stopped,Transition1.started,image_1.started,text_5.started,text_9.started,key_resp_2.started,image_1.stopped,text_5.stopped,Transition1.stopped,key_resp_2.keys,key_resp_2.rt,key_resp_2.duration,Instructions11.started,text_19.started,text_20.started,text_21.started,key_resp_7.started,Instructions11.stopped,key_resp_7.keys,key_resp_7.rt,key_resp_7.duration,Task11.started,text_22.started,text_23.started,text_24.started,key_resp_8.started,Task11.stopped,key_resp_8.keys,key_resp_8.corr,key_resp_8.rt,key_resp_8.duration,Judge11.started,participant,session,date,expName,psychopyVersion,frameRate,expStart,
,,,,,,,,0.01656849996652454,0.03131489997031167,0.03131489997031167,1.3318467999924906,space,1.288119499979075,None,,,,,,,,,,,,,,,,,,,,,,,,,,,,,,,,,,,,,,,,,,,,,789194,001,2024-03-11_09h59.05.793,IAT,2023.2.3,59.93788037527471,2024-03-11 09h59.16.022688 +0800,
,,,,,,,,,,,,,,,1.3318643999518827,1.348035799979698,1.348035799979698,1.981931899965275,space,0.6264415999758057,None,,,,,,,,,,,,,,,,,,,,,,,,,,,,,,,,,,,,,,789194,001,2024-03-11_09h59.05.793,IAT,2023.2.3,59.93788037527471,2024-03-11 09h59.16.022688 +0800,
,,,,,,,,,,,,,,,,,,,,,,1.9819485999760218,1.9981487999903038,3.981541799963452,3.9979580999934115,5.998297899961472,5.965035400004126,5.965041899995413,5.998297899961472,5.998297899961472,7.9813644999521784,7.9813644999521784,7.9980195999960415,7.9980195999960415,8.748359499964863,space,0.7617771000368521,None,,,,,,,,,,,,,,,,,,,,,789194,001,2024-03-11_09h59.05.793,IAT,2023.2.3,59.93788037527471,2024-03-11 09h59.16.022688 +0800,
,,,,,,,,,,,,,,,,,,,,,,,,,,,,,,,,,,,,,,,8.748375299968757,8.765899499994703,8.765899499994703,8.765899499994703,8.765899499994703,9.615045199985616,space,0.8407614000025205,None,,,,,,,,,,,,789194,001,2024-03-11_09h59.05.793,IAT,2023.2.3,59.93788037527471,2024-03-11 09h59.16.022688 +0800,
,,,,,,9.648140799952671,,,,,,,,,,,,,,,,,,,,,,,,,,,,,,,,,,,,,,,,,,9.627523500006646,9.648140799952671,9.648140799952671,9.648140799952671,9.648140799952671,10.265178399975412,e,0,0.6070725999888964,None,10.26547899999423,,,,,,,,
