﻿trials_2.thisRepN,trials_2.thisTrialN,trials_2.thisN,trials_2.thisIndex,word,answer,thisRow.t,notes,TextDisplay1.started,text_1.started,key1.started,TextDisplay1.stopped,key1.keys,key1.rt,key1.duration,StartResting.started,text_2.started,key2.started,StartResting.stopped,key2.keys,key2.rt,key2.duration,Eyes.started,text_3.started,text_4.started,text_3.stopped,Eyes.stopped,Transition1.started,image_1.started,text_5.started,text_9.started,key_resp_2.started,image_1.stopped,text_5.stopped,Transition1.stopped,key_resp_2.keys,key_resp_2.rt,key_resp_2.duration,Instructions11.started,text_19.started,text_20.started,text_21.started,key_resp_7.started,Instructions11.stopped,key_resp_7.keys,key_resp_7.rt,key_resp_7.duration,Task11.started,text_22.started,text_23.started,text_24.started,key_resp_8.started,Task11.stopped,key_resp_8.keys,key_resp_8.corr,key_resp_8.rt,key_resp_8.duration,Judge11.started,name,gender,age,participant,date,expName,psychopyVersion,frameRate,expStart,
,,,,,,,,0.018272400018759072,0.03739280000445433,0.03739280000445433,3.3916428000084125,space,3.338750399998389,None,,,,,,,,,,,,,,,,,,,,,,,,,,,,,,,,,,,,,,,,,,,,zcq,1 ,112,800369,2024-04-19_15h00.20.952,IAT,2023.2.3,None,2024-04-19 15h00.31.687202 +0800,
,,,,,,,,,,,,,,,3.3916683999996167,3.4027255999972112,3.4027255999972112,3.5062401000177488,space,0.09400030001415871,None,,,,,,,,,,,,,,,,,,,,,,,,,,,,,,,,,,,,,zcq,1 ,112,800369,2024-04-19_15h00.20.952,IAT,2023.2.3,None,2024-04-19 15h00.31.687202 +0800,
,,,,,,,,,,,,,,,,,,,,,,3.506259500019951,3.524476400023559,5.521434100024635,5.54062270000577,7.507299999997485,7.507308200001717,7.5344081000075676,7.5344081000075676,9.516241700010141,9.516241700010141,9.548666200018488,9.548666200018488,23.520051900006365,space,13.987815500004217,None,,,,,,,,,,,,,,,,,,,,,zcq,1 ,112,800369,2024-04-19_15h00.20.952,IAT,2023.2.3,None,2024-04-19 15h00.31.687202 +0800,
,,,,,,,,,,,,,,,,,,,,,,,,,,,,,,,,,,,,,,23.520071100007044,23.534163400006946,23.534163400006946,23.534163400006946,23.534163400006946,23.684327800001483,space,0.13791349998791702,None,,,,,,,,,,,,zcq,1 ,112,800369,2024-04-19_15h00.20.952,IAT,2023.2.3,None,2024-04-19 15h00.31.687202 +0800,
,,,,,,23.70093380002072,,,,,,,,,,,,,,,,,,,,,,,,,,,,,,,,,,,,,,,,,23.694392900011735,23.70093380002072,23.70093380002072,23.70093380002072,23.70093380002072,24.286314299999503,e,0,0.5716765999968629,None,24.286661200021626,,,,,,,,,,
